image_path,true_class,predicted_class,confidence,cat_probability,dog_probability
/Users/shiquantao/Desktop/深度学习/猫狗分类器/数据/Preprocessed_Data/test/cats/cat.6349.jpg,猫,狗,0.999957,0.000043,0.999957
/Users/shiquantao/Desktop/深度学习/猫狗分类器/数据/Preprocessed_Data/test/cats/cat.12155.jpg,猫,狗,0.999945,0.000055,0.999945
/Users/shiquantao/Desktop/深度学习/猫狗分类器/数据/Preprocessed_Data/test/cats/cat.883.jpg,猫,狗,0.999931,0.000069,0.999931
/Users/shiquantao/Desktop/深度学习/猫狗分类器/数据/Preprocessed_Data/test/cats/cat.11432.jpg,猫,狗,0.999910,0.000090,0.999910
/Users/shiquantao/Desktop/深度学习/猫狗分类器/数据/Preprocessed_Data/test/cats/cat.4688.jpg,猫,狗,0.999751,0.000249,0.999751
/Users/shiquantao/Desktop/深度学习/猫狗分类器/数据/Preprocessed_Data/test/cats/cat.7738.jpg,猫,狗,0.999372,0.000628,0.999372
/Users/shiquantao/Desktop/深度学习/猫狗分类器/数据/Preprocessed_Data/test/cats/cat.5351.jpg,猫,狗,0.999313,0.000687,0.999313
/Users/shiquantao/Desktop/深度学习/猫狗分类器/数据/Preprocessed_Data/test/cats/cat.7531.jpg,猫,狗,0.998905,0.001095,0.998905
/Users/shiquantao/Desktop/深度学习/猫狗分类器/数据/Preprocessed_Data/test/cats/cat.6792.jpg,猫,狗,0.996144,0.003856,0.996144
/Users/shiquantao/Desktop/深度学习/猫狗分类器/数据/Preprocessed_Data/test/cats/cat.799.jpg,猫,狗,0.994144,0.005857,0.994144
/Users/shiquantao/Desktop/深度学习/猫狗分类器/数据/Preprocessed_Data/test/cats/cat.12004.jpg,猫,狗,0.993514,0.006486,0.993514
/Users/shiquantao/Desktop/深度学习/猫狗分类器/数据/Preprocessed_Data/test/dogs/dog.7602.jpg,狗,猫,0.993369,0.993369,0.006631
/Users/shiquantao/Desktop/深度学习/猫狗分类器/数据/Preprocessed_Data/test/cats/cat.4551.jpg,猫,狗,0.993095,0.006904,0.993095
/Users/shiquantao/Desktop/深度学习/猫狗分类器/数据/Preprocessed_Data/test/cats/cat.7377.jpg,猫,狗,0.992999,0.007001,0.992999
/Users/shiquantao/Desktop/深度学习/猫狗分类器/数据/Preprocessed_Data/test/cats/cat.3105.jpg,猫,狗,0.992491,0.007509,0.992491
/Users/shiquantao/Desktop/深度学习/猫狗分类器/数据/Preprocessed_Data/test/cats/cat.503.jpg,猫,狗,0.992030,0.007970,0.992030
/Users/shiquantao/Desktop/深度学习/猫狗分类器/数据/Preprocessed_Data/test/cats/cat.3173.jpg,猫,狗,0.991597,0.008403,0.991597
/Users/shiquantao/Desktop/深度学习/猫狗分类器/数据/Preprocessed_Data/test/cats/cat.10147.jpg,猫,狗,0.991385,0.008615,0.991385
/Users/shiquantao/Desktop/深度学习/猫狗分类器/数据/Preprocessed_Data/test/cats/cat.1750.jpg,猫,狗,0.990310,0.009690,0.990310
/Users/shiquantao/Desktop/深度学习/猫狗分类器/数据/Preprocessed_Data/test/cats/cat.4699.jpg,猫,狗,0.989865,0.010135,0.989865
/Users/shiquantao/Desktop/深度学习/猫狗分类器/数据/Preprocessed_Data/test/dogs/dog.9913.jpg,狗,猫,0.987877,0.987877,0.012123
/Users/shiquantao/Desktop/深度学习/猫狗分类器/数据/Preprocessed_Data/test/cats/cat.3998.jpg,猫,狗,0.987691,0.012309,0.987691
/Users/shiquantao/Desktop/深度学习/猫狗分类器/数据/Preprocessed_Data/test/cats/cat.11333.jpg,猫,狗,0.987616,0.012384,0.987616
/Users/shiquantao/Desktop/深度学习/猫狗分类器/数据/Preprocessed_Data/test/cats/cat.9770.jpg,猫,狗,0.985640,0.014360,0.985640
/Users/shiquantao/Desktop/深度学习/猫狗分类器/数据/Preprocessed_Data/test/cats/cat.1288.jpg,猫,狗,0.985555,0.014445,0.985555
/Users/shiquantao/Desktop/深度学习/猫狗分类器/数据/Preprocessed_Data/test/cats/cat.6157.jpg,猫,狗,0.984610,0.015390,0.984610
/Users/shiquantao/Desktop/深度学习/猫狗分类器/数据/Preprocessed_Data/test/cats/cat.4190.jpg,猫,狗,0.984232,0.015768,0.984232
/Users/shiquantao/Desktop/深度学习/猫狗分类器/数据/Preprocessed_Data/test/cats/cat.3780.jpg,猫,狗,0.984222,0.015778,0.984222
/Users/shiquantao/Desktop/深度学习/猫狗分类器/数据/Preprocessed_Data/test/cats/cat.2811.jpg,猫,狗,0.983541,0.016459,0.983541
/Users/shiquantao/Desktop/深度学习/猫狗分类器/数据/Preprocessed_Data/test/cats/cat.9432.jpg,猫,狗,0.982008,0.017992,0.982008
/Users/shiquantao/Desktop/深度学习/猫狗分类器/数据/Preprocessed_Data/test/cats/cat.1249.jpg,猫,狗,0.981644,0.018356,0.981644
/Users/shiquantao/Desktop/深度学习/猫狗分类器/数据/Preprocessed_Data/test/cats/cat.6915.jpg,猫,狗,0.981070,0.018930,0.981070
/Users/shiquantao/Desktop/深度学习/猫狗分类器/数据/Preprocessed_Data/test/cats/cat.1828.jpg,猫,狗,0.980899,0.019101,0.980899
/Users/shiquantao/Desktop/深度学习/猫狗分类器/数据/Preprocessed_Data/test/dogs/dog.858.jpg,狗,猫,0.978995,0.978995,0.021005
/Users/shiquantao/Desktop/深度学习/猫狗分类器/数据/Preprocessed_Data/test/dogs/dog.8898.jpg,狗,猫,0.978940,0.978940,0.021060
/Users/shiquantao/Desktop/深度学习/猫狗分类器/数据/Preprocessed_Data/test/cats/cat.6644.jpg,猫,狗,0.976233,0.023767,0.976233
/Users/shiquantao/Desktop/深度学习/猫狗分类器/数据/Preprocessed_Data/test/cats/cat.3103.jpg,猫,狗,0.975379,0.024621,0.975379
/Users/shiquantao/Desktop/深度学习/猫狗分类器/数据/Preprocessed_Data/test/cats/cat.3697.jpg,猫,狗,0.975279,0.024721,0.975279
/Users/shiquantao/Desktop/深度学习/猫狗分类器/数据/Preprocessed_Data/test/cats/cat.12436.jpg,猫,狗,0.975052,0.024948,0.975052
/Users/shiquantao/Desktop/深度学习/猫狗分类器/数据/Preprocessed_Data/test/cats/cat.7372.jpg,猫,狗,0.974394,0.025606,0.974394
/Users/shiquantao/Desktop/深度学习/猫狗分类器/数据/Preprocessed_Data/test/dogs/dog.5804.jpg,狗,猫,0.973617,0.973617,0.026383
/Users/shiquantao/Desktop/深度学习/猫狗分类器/数据/Preprocessed_Data/test/cats/cat.3646.jpg,猫,狗,0.972392,0.027608,0.972392
/Users/shiquantao/Desktop/深度学习/猫狗分类器/数据/Preprocessed_Data/test/cats/cat.12167.jpg,猫,狗,0.972046,0.027954,0.972046
/Users/shiquantao/Desktop/深度学习/猫狗分类器/数据/Preprocessed_Data/test/cats/cat.4380.jpg,猫,狗,0.971903,0.028097,0.971903
/Users/shiquantao/Desktop/深度学习/猫狗分类器/数据/Preprocessed_Data/test/cats/cat.3701.jpg,猫,狗,0.971643,0.028357,0.971643
/Users/shiquantao/Desktop/深度学习/猫狗分类器/数据/Preprocessed_Data/test/cats/cat.2341.jpg,猫,狗,0.971505,0.028495,0.971505
/Users/shiquantao/Desktop/深度学习/猫狗分类器/数据/Preprocessed_Data/test/cats/cat.4833.jpg,猫,狗,0.971143,0.028857,0.971143
/Users/shiquantao/Desktop/深度学习/猫狗分类器/数据/Preprocessed_Data/test/cats/cat.9561.jpg,猫,狗,0.970790,0.029210,0.970790
/Users/shiquantao/Desktop/深度学习/猫狗分类器/数据/Preprocessed_Data/test/cats/cat.4637.jpg,猫,狗,0.968862,0.031138,0.968862
/Users/shiquantao/Desktop/深度学习/猫狗分类器/数据/Preprocessed_Data/test/cats/cat.3535.jpg,猫,狗,0.968771,0.031229,0.968771
/Users/shiquantao/Desktop/深度学习/猫狗分类器/数据/Preprocessed_Data/test/cats/cat.5072.jpg,猫,狗,0.967905,0.032095,0.967905
/Users/shiquantao/Desktop/深度学习/猫狗分类器/数据/Preprocessed_Data/test/dogs/dog.9233.jpg,狗,猫,0.965179,0.965179,0.034821
/Users/shiquantao/Desktop/深度学习/猫狗分类器/数据/Preprocessed_Data/test/cats/cat.5063.jpg,猫,狗,0.964108,0.035893,0.964108
/Users/shiquantao/Desktop/深度学习/猫狗分类器/数据/Preprocessed_Data/test/dogs/dog.11843.jpg,狗,猫,0.962855,0.962855,0.037145
/Users/shiquantao/Desktop/深度学习/猫狗分类器/数据/Preprocessed_Data/test/cats/cat.1956.jpg,猫,狗,0.961899,0.038101,0.961899
/Users/shiquantao/Desktop/深度学习/猫狗分类器/数据/Preprocessed_Data/test/dogs/dog.3022.jpg,狗,猫,0.960246,0.960246,0.039754
/Users/shiquantao/Desktop/深度学习/猫狗分类器/数据/Preprocessed_Data/test/cats/cat.3164.jpg,猫,狗,0.959583,0.040417,0.959583
/Users/shiquantao/Desktop/深度学习/猫狗分类器/数据/Preprocessed_Data/test/cats/cat.6568.jpg,猫,狗,0.956339,0.043661,0.956339
/Users/shiquantao/Desktop/深度学习/猫狗分类器/数据/Preprocessed_Data/test/dogs/dog.11017.jpg,狗,猫,0.954747,0.954747,0.045253
/Users/shiquantao/Desktop/深度学习/猫狗分类器/数据/Preprocessed_Data/test/cats/cat.828.jpg,猫,狗,0.953812,0.046188,0.953812
/Users/shiquantao/Desktop/深度学习/猫狗分类器/数据/Preprocessed_Data/test/cats/cat.1480.jpg,猫,狗,0.952926,0.047074,0.952926
/Users/shiquantao/Desktop/深度学习/猫狗分类器/数据/Preprocessed_Data/test/cats/cat.12073.jpg,猫,狗,0.952852,0.047148,0.952852
/Users/shiquantao/Desktop/深度学习/猫狗分类器/数据/Preprocessed_Data/test/cats/cat.9695.jpg,猫,狗,0.951998,0.048002,0.951998
/Users/shiquantao/Desktop/深度学习/猫狗分类器/数据/Preprocessed_Data/test/cats/cat.7791.jpg,猫,狗,0.951607,0.048393,0.951607
/Users/shiquantao/Desktop/深度学习/猫狗分类器/数据/Preprocessed_Data/test/cats/cat.11569.jpg,猫,狗,0.950187,0.049813,0.950187
/Users/shiquantao/Desktop/深度学习/猫狗分类器/数据/Preprocessed_Data/test/dogs/dog.98.jpg,狗,猫,0.949905,0.949905,0.050095
/Users/shiquantao/Desktop/深度学习/猫狗分类器/数据/Preprocessed_Data/test/cats/cat.4097.jpg,猫,狗,0.949643,0.050357,0.949643
/Users/shiquantao/Desktop/深度学习/猫狗分类器/数据/Preprocessed_Data/test/cats/cat.6430.jpg,猫,狗,0.949408,0.050592,0.949408
/Users/shiquantao/Desktop/深度学习/猫狗分类器/数据/Preprocessed_Data/test/cats/cat.4878.jpg,猫,狗,0.949218,0.050782,0.949218
/Users/shiquantao/Desktop/深度学习/猫狗分类器/数据/Preprocessed_Data/test/dogs/dog.11620.jpg,狗,猫,0.948502,0.948502,0.051497
/Users/shiquantao/Desktop/深度学习/猫狗分类器/数据/Preprocessed_Data/test/dogs/dog.6533.jpg,狗,猫,0.948026,0.948026,0.051974
/Users/shiquantao/Desktop/深度学习/猫狗分类器/数据/Preprocessed_Data/test/dogs/dog.1094.jpg,狗,猫,0.947380,0.947380,0.052620
/Users/shiquantao/Desktop/深度学习/猫狗分类器/数据/Preprocessed_Data/test/cats/cat.8897.jpg,猫,狗,0.947326,0.052674,0.947326
/Users/shiquantao/Desktop/深度学习/猫狗分类器/数据/Preprocessed_Data/test/cats/cat.2415.jpg,猫,狗,0.947028,0.052972,0.947028
/Users/shiquantao/Desktop/深度学习/猫狗分类器/数据/Preprocessed_Data/test/cats/cat.8076.jpg,猫,狗,0.946197,0.053803,0.946197
/Users/shiquantao/Desktop/深度学习/猫狗分类器/数据/Preprocessed_Data/test/dogs/dog.7588.jpg,狗,猫,0.945853,0.945853,0.054147
/Users/shiquantao/Desktop/深度学习/猫狗分类器/数据/Preprocessed_Data/test/dogs/dog.6680.jpg,狗,猫,0.945233,0.945233,0.054767
/Users/shiquantao/Desktop/深度学习/猫狗分类器/数据/Preprocessed_Data/test/dogs/dog.2953.jpg,狗,猫,0.944821,0.944821,0.055179
/Users/shiquantao/Desktop/深度学习/猫狗分类器/数据/Preprocessed_Data/test/cats/cat.9434.jpg,猫,狗,0.943506,0.056494,0.943506
/Users/shiquantao/Desktop/深度学习/猫狗分类器/数据/Preprocessed_Data/test/dogs/dog.9142.jpg,狗,猫,0.942383,0.942383,0.057617
/Users/shiquantao/Desktop/深度学习/猫狗分类器/数据/Preprocessed_Data/test/dogs/dog.441.jpg,狗,猫,0.942212,0.942212,0.057788
/Users/shiquantao/Desktop/深度学习/猫狗分类器/数据/Preprocessed_Data/test/cats/cat.11484.jpg,猫,狗,0.941012,0.058988,0.941012
/Users/shiquantao/Desktop/深度学习/猫狗分类器/数据/Preprocessed_Data/test/cats/cat.8812.jpg,猫,狗,0.939591,0.060409,0.939591
/Users/shiquantao/Desktop/深度学习/猫狗分类器/数据/Preprocessed_Data/test/dogs/dog.3834.jpg,狗,猫,0.939361,0.939361,0.060639
/Users/shiquantao/Desktop/深度学习/猫狗分类器/数据/Preprocessed_Data/test/cats/cat.11079.jpg,猫,狗,0.938030,0.061970,0.938030
/Users/shiquantao/Desktop/深度学习/猫狗分类器/数据/Preprocessed_Data/test/dogs/dog.1355.jpg,狗,猫,0.936986,0.936986,0.063014
/Users/shiquantao/Desktop/深度学习/猫狗分类器/数据/Preprocessed_Data/test/cats/cat.1375.jpg,猫,狗,0.936812,0.063188,0.936812
/Users/shiquantao/Desktop/深度学习/猫狗分类器/数据/Preprocessed_Data/test/dogs/dog.9656.jpg,狗,猫,0.936035,0.936035,0.063965
/Users/shiquantao/Desktop/深度学习/猫狗分类器/数据/Preprocessed_Data/test/dogs/dog.7850.jpg,狗,猫,0.935439,0.935439,0.064561
/Users/shiquantao/Desktop/深度学习/猫狗分类器/数据/Preprocessed_Data/test/cats/cat.5335.jpg,猫,狗,0.934351,0.065649,0.934351
/Users/shiquantao/Desktop/深度学习/猫狗分类器/数据/Preprocessed_Data/test/dogs/dog.366.jpg,狗,猫,0.933943,0.933943,0.066057
/Users/shiquantao/Desktop/深度学习/猫狗分类器/数据/Preprocessed_Data/test/dogs/dog.8790.jpg,狗,猫,0.933498,0.933498,0.066502
/Users/shiquantao/Desktop/深度学习/猫狗分类器/数据/Preprocessed_Data/test/dogs/dog.11624.jpg,狗,猫,0.932004,0.932004,0.067996
/Users/shiquantao/Desktop/深度学习/猫狗分类器/数据/Preprocessed_Data/test/dogs/dog.8836.jpg,狗,猫,0.931501,0.931501,0.068499
/Users/shiquantao/Desktop/深度学习/猫狗分类器/数据/Preprocessed_Data/test/cats/cat.10196.jpg,猫,狗,0.930371,0.069628,0.930371
/Users/shiquantao/Desktop/深度学习/猫狗分类器/数据/Preprocessed_Data/test/dogs/dog.1539.jpg,狗,猫,0.929973,0.929973,0.070027
/Users/shiquantao/Desktop/深度学习/猫狗分类器/数据/Preprocessed_Data/test/dogs/dog.11883.jpg,狗,猫,0.928650,0.928650,0.071350
/Users/shiquantao/Desktop/深度学习/猫狗分类器/数据/Preprocessed_Data/test/cats/cat.9271.jpg,猫,狗,0.927622,0.072378,0.927622
/Users/shiquantao/Desktop/深度学习/猫狗分类器/数据/Preprocessed_Data/test/dogs/dog.5653.jpg,狗,猫,0.927612,0.927612,0.072388
/Users/shiquantao/Desktop/深度学习/猫狗分类器/数据/Preprocessed_Data/test/dogs/dog.4324.jpg,狗,猫,0.926965,0.926965,0.073035
/Users/shiquantao/Desktop/深度学习/猫狗分类器/数据/Preprocessed_Data/test/cats/cat.7291.jpg,猫,狗,0.926803,0.073197,0.926803
/Users/shiquantao/Desktop/深度学习/猫狗分类器/数据/Preprocessed_Data/test/dogs/dog.3897.jpg,狗,猫,0.926739,0.926739,0.073261
/Users/shiquantao/Desktop/深度学习/猫狗分类器/数据/Preprocessed_Data/test/cats/cat.7442.jpg,猫,狗,0.925058,0.074941,0.925058
/Users/shiquantao/Desktop/深度学习/猫狗分类器/数据/Preprocessed_Data/test/cats/cat.9009.jpg,猫,狗,0.924850,0.075150,0.924850
/Users/shiquantao/Desktop/深度学习/猫狗分类器/数据/Preprocessed_Data/test/cats/cat.1269.jpg,猫,狗,0.924612,0.075388,0.924612
/Users/shiquantao/Desktop/深度学习/猫狗分类器/数据/Preprocessed_Data/test/dogs/dog.648.jpg,狗,猫,0.923427,0.923427,0.076573
/Users/shiquantao/Desktop/深度学习/猫狗分类器/数据/Preprocessed_Data/test/cats/cat.9922.jpg,猫,狗,0.923364,0.076636,0.923364
/Users/shiquantao/Desktop/深度学习/猫狗分类器/数据/Preprocessed_Data/test/cats/cat.1832.jpg,猫,狗,0.922897,0.077103,0.922897
/Users/shiquantao/Desktop/深度学习/猫狗分类器/数据/Preprocessed_Data/test/cats/cat.11627.jpg,猫,狗,0.920213,0.079787,0.920213
/Users/shiquantao/Desktop/深度学习/猫狗分类器/数据/Preprocessed_Data/test/dogs/dog.2743.jpg,狗,猫,0.920061,0.920061,0.079939
/Users/shiquantao/Desktop/深度学习/猫狗分类器/数据/Preprocessed_Data/test/cats/cat.4572.jpg,猫,狗,0.919571,0.080429,0.919571
/Users/shiquantao/Desktop/深度学习/猫狗分类器/数据/Preprocessed_Data/test/cats/cat.6306.jpg,猫,狗,0.919475,0.080525,0.919475
/Users/shiquantao/Desktop/深度学习/猫狗分类器/数据/Preprocessed_Data/test/dogs/dog.4893.jpg,狗,猫,0.919173,0.919173,0.080826
/Users/shiquantao/Desktop/深度学习/猫狗分类器/数据/Preprocessed_Data/test/cats/cat.5202.jpg,猫,狗,0.918537,0.081463,0.918537
/Users/shiquantao/Desktop/深度学习/猫狗分类器/数据/Preprocessed_Data/test/dogs/dog.397.jpg,狗,猫,0.917640,0.917640,0.082360
/Users/shiquantao/Desktop/深度学习/猫狗分类器/数据/Preprocessed_Data/test/cats/cat.8614.jpg,猫,狗,0.917291,0.082709,0.917291
/Users/shiquantao/Desktop/深度学习/猫狗分类器/数据/Preprocessed_Data/test/cats/cat.10575.jpg,猫,狗,0.917140,0.082860,0.917140
/Users/shiquantao/Desktop/深度学习/猫狗分类器/数据/Preprocessed_Data/test/cats/cat.11288.jpg,猫,狗,0.917125,0.082875,0.917125
/Users/shiquantao/Desktop/深度学习/猫狗分类器/数据/Preprocessed_Data/test/cats/cat.8554.jpg,猫,狗,0.915978,0.084022,0.915978
/Users/shiquantao/Desktop/深度学习/猫狗分类器/数据/Preprocessed_Data/test/cats/cat.12152.jpg,猫,狗,0.915832,0.084169,0.915832
/Users/shiquantao/Desktop/深度学习/猫狗分类器/数据/Preprocessed_Data/test/cats/cat.5997.jpg,猫,狗,0.915552,0.084448,0.915552
/Users/shiquantao/Desktop/深度学习/猫狗分类器/数据/Preprocessed_Data/test/cats/cat.7304.jpg,猫,狗,0.914592,0.085408,0.914592
/Users/shiquantao/Desktop/深度学习/猫狗分类器/数据/Preprocessed_Data/test/dogs/dog.11293.jpg,狗,猫,0.912805,0.912805,0.087195
/Users/shiquantao/Desktop/深度学习/猫狗分类器/数据/Preprocessed_Data/test/dogs/dog.5913.jpg,狗,猫,0.912447,0.912447,0.087553
/Users/shiquantao/Desktop/深度学习/猫狗分类器/数据/Preprocessed_Data/test/dogs/dog.9246.jpg,狗,猫,0.911199,0.911199,0.088801
/Users/shiquantao/Desktop/深度学习/猫狗分类器/数据/Preprocessed_Data/test/dogs/dog.9054.jpg,狗,猫,0.911189,0.911189,0.088811
/Users/shiquantao/Desktop/深度学习/猫狗分类器/数据/Preprocessed_Data/test/cats/cat.7072.jpg,猫,狗,0.909777,0.090223,0.909777
/Users/shiquantao/Desktop/深度学习/猫狗分类器/数据/Preprocessed_Data/test/dogs/dog.11930.jpg,狗,猫,0.909557,0.909557,0.090443
/Users/shiquantao/Desktop/深度学习/猫狗分类器/数据/Preprocessed_Data/test/dogs/dog.1259.jpg,狗,猫,0.909478,0.909478,0.090522
/Users/shiquantao/Desktop/深度学习/猫狗分类器/数据/Preprocessed_Data/test/cats/cat.1123.jpg,猫,狗,0.907338,0.092662,0.907338
/Users/shiquantao/Desktop/深度学习/猫狗分类器/数据/Preprocessed_Data/test/dogs/dog.843.jpg,狗,猫,0.906573,0.906573,0.093427
/Users/shiquantao/Desktop/深度学习/猫狗分类器/数据/Preprocessed_Data/test/cats/cat.6579.jpg,猫,狗,0.906139,0.093861,0.906139
/Users/shiquantao/Desktop/深度学习/猫狗分类器/数据/Preprocessed_Data/test/dogs/dog.312.jpg,狗,猫,0.905463,0.905463,0.094537
/Users/shiquantao/Desktop/深度学习/猫狗分类器/数据/Preprocessed_Data/test/cats/cat.1877.jpg,猫,狗,0.904811,0.095189,0.904811
/Users/shiquantao/Desktop/深度学习/猫狗分类器/数据/Preprocessed_Data/test/cats/cat.363.jpg,猫,狗,0.904648,0.095352,0.904648
/Users/shiquantao/Desktop/深度学习/猫狗分类器/数据/Preprocessed_Data/test/cats/cat.3807.jpg,猫,狗,0.904260,0.095740,0.904260
/Users/shiquantao/Desktop/深度学习/猫狗分类器/数据/Preprocessed_Data/test/cats/cat.599.jpg,猫,狗,0.903901,0.096099,0.903901
/Users/shiquantao/Desktop/深度学习/猫狗分类器/数据/Preprocessed_Data/test/dogs/dog.5807.jpg,狗,猫,0.903883,0.903883,0.096117
/Users/shiquantao/Desktop/深度学习/猫狗分类器/数据/Preprocessed_Data/test/cats/cat.5846.jpg,猫,狗,0.901587,0.098413,0.901587
/Users/shiquantao/Desktop/深度学习/猫狗分类器/数据/Preprocessed_Data/test/dogs/dog.7813.jpg,狗,猫,0.901387,0.901387,0.098613
/Users/shiquantao/Desktop/深度学习/猫狗分类器/数据/Preprocessed_Data/test/cats/cat.8114.jpg,猫,狗,0.900541,0.099459,0.900541
/Users/shiquantao/Desktop/深度学习/猫狗分类器/数据/Preprocessed_Data/test/cats/cat.742.jpg,猫,狗,0.899934,0.100066,0.899934
/Users/shiquantao/Desktop/深度学习/猫狗分类器/数据/Preprocessed_Data/test/dogs/dog.10659.jpg,狗,猫,0.897947,0.897947,0.102053
/Users/shiquantao/Desktop/深度学习/猫狗分类器/数据/Preprocessed_Data/test/dogs/dog.5464.jpg,狗,猫,0.896722,0.896722,0.103278
/Users/shiquantao/Desktop/深度学习/猫狗分类器/数据/Preprocessed_Data/test/dogs/dog.12331.jpg,狗,猫,0.896433,0.896433,0.103567
/Users/shiquantao/Desktop/深度学习/猫狗分类器/数据/Preprocessed_Data/test/dogs/dog.8399.jpg,狗,猫,0.896411,0.896411,0.103588
/Users/shiquantao/Desktop/深度学习/猫狗分类器/数据/Preprocessed_Data/test/cats/cat.12238.jpg,猫,狗,0.895785,0.104215,0.895785
/Users/shiquantao/Desktop/深度学习/猫狗分类器/数据/Preprocessed_Data/test/cats/cat.3620.jpg,猫,狗,0.895350,0.104650,0.895350
/Users/shiquantao/Desktop/深度学习/猫狗分类器/数据/Preprocessed_Data/test/dogs/dog.5956.jpg,狗,猫,0.895119,0.895119,0.104881
/Users/shiquantao/Desktop/深度学习/猫狗分类器/数据/Preprocessed_Data/test/cats/cat.1236.jpg,猫,狗,0.894965,0.105035,0.894965
/Users/shiquantao/Desktop/深度学习/猫狗分类器/数据/Preprocessed_Data/test/cats/cat.3332.jpg,猫,狗,0.894736,0.105264,0.894736
/Users/shiquantao/Desktop/深度学习/猫狗分类器/数据/Preprocessed_Data/test/dogs/dog.1625.jpg,狗,猫,0.894426,0.894426,0.105574
/Users/shiquantao/Desktop/深度学习/猫狗分类器/数据/Preprocessed_Data/test/dogs/dog.9845.jpg,狗,猫,0.893885,0.893885,0.106115
/Users/shiquantao/Desktop/深度学习/猫狗分类器/数据/Preprocessed_Data/test/cats/cat.2346.jpg,猫,狗,0.893675,0.106325,0.893675
/Users/shiquantao/Desktop/深度学习/猫狗分类器/数据/Preprocessed_Data/test/dogs/dog.7784.jpg,狗,猫,0.891722,0.891722,0.108278
/Users/shiquantao/Desktop/深度学习/猫狗分类器/数据/Preprocessed_Data/test/cats/cat.10950.jpg,猫,狗,0.891421,0.108579,0.891421
/Users/shiquantao/Desktop/深度学习/猫狗分类器/数据/Preprocessed_Data/test/cats/cat.6444.jpg,猫,狗,0.889423,0.110577,0.889423
/Users/shiquantao/Desktop/深度学习/猫狗分类器/数据/Preprocessed_Data/test/dogs/dog.7001.jpg,狗,猫,0.889416,0.889416,0.110584
/Users/shiquantao/Desktop/深度学习/猫狗分类器/数据/Preprocessed_Data/test/cats/cat.10756.jpg,猫,狗,0.889406,0.110594,0.889406
/Users/shiquantao/Desktop/深度学习/猫狗分类器/数据/Preprocessed_Data/test/cats/cat.10654.jpg,猫,狗,0.888845,0.111155,0.888845
/Users/shiquantao/Desktop/深度学习/猫狗分类器/数据/Preprocessed_Data/test/cats/cat.6023.jpg,猫,狗,0.883949,0.116051,0.883949
/Users/shiquantao/Desktop/深度学习/猫狗分类器/数据/Preprocessed_Data/test/dogs/dog.10812.jpg,狗,猫,0.882706,0.882706,0.117294
/Users/shiquantao/Desktop/深度学习/猫狗分类器/数据/Preprocessed_Data/test/cats/cat.5573.jpg,猫,狗,0.882504,0.117496,0.882504
/Users/shiquantao/Desktop/深度学习/猫狗分类器/数据/Preprocessed_Data/test/dogs/dog.915.jpg,狗,猫,0.881430,0.881430,0.118570
/Users/shiquantao/Desktop/深度学习/猫狗分类器/数据/Preprocessed_Data/test/cats/cat.580.jpg,猫,狗,0.880948,0.119052,0.880948
/Users/shiquantao/Desktop/深度学习/猫狗分类器/数据/Preprocessed_Data/test/dogs/dog.2946.jpg,狗,猫,0.880133,0.880133,0.119867
/Users/shiquantao/Desktop/深度学习/猫狗分类器/数据/Preprocessed_Data/test/dogs/dog.12185.jpg,狗,猫,0.879669,0.879669,0.120331
/Users/shiquantao/Desktop/深度学习/猫狗分类器/数据/Preprocessed_Data/test/cats/cat.2663.jpg,猫,狗,0.878089,0.121911,0.878089
/Users/shiquantao/Desktop/深度学习/猫狗分类器/数据/Preprocessed_Data/test/dogs/dog.8723.jpg,狗,猫,0.878085,0.878085,0.121915
/Users/shiquantao/Desktop/深度学习/猫狗分类器/数据/Preprocessed_Data/test/cats/cat.711.jpg,猫,狗,0.877273,0.122727,0.877273
/Users/shiquantao/Desktop/深度学习/猫狗分类器/数据/Preprocessed_Data/test/dogs/dog.5959.jpg,狗,猫,0.876040,0.876040,0.123960
/Users/shiquantao/Desktop/深度学习/猫狗分类器/数据/Preprocessed_Data/test/cats/cat.10808.jpg,猫,狗,0.876018,0.123982,0.876018
/Users/shiquantao/Desktop/深度学习/猫狗分类器/数据/Preprocessed_Data/test/dogs/dog.7810.jpg,狗,猫,0.875949,0.875949,0.124051
/Users/shiquantao/Desktop/深度学习/猫狗分类器/数据/Preprocessed_Data/test/cats/cat.5623.jpg,猫,狗,0.875844,0.124156,0.875844
/Users/shiquantao/Desktop/深度学习/猫狗分类器/数据/Preprocessed_Data/test/cats/cat.2475.jpg,猫,狗,0.875798,0.124202,0.875798
/Users/shiquantao/Desktop/深度学习/猫狗分类器/数据/Preprocessed_Data/test/cats/cat.7925.jpg,猫,狗,0.874847,0.125153,0.874847
/Users/shiquantao/Desktop/深度学习/猫狗分类器/数据/Preprocessed_Data/test/cats/cat.7997.jpg,猫,狗,0.874667,0.125333,0.874667
/Users/shiquantao/Desktop/深度学习/猫狗分类器/数据/Preprocessed_Data/test/cats/cat.2832.jpg,猫,狗,0.872093,0.127907,0.872093
/Users/shiquantao/Desktop/深度学习/猫狗分类器/数据/Preprocessed_Data/test/cats/cat.10787.jpg,猫,狗,0.871471,0.128529,0.871471
/Users/shiquantao/Desktop/深度学习/猫狗分类器/数据/Preprocessed_Data/test/dogs/dog.3686.jpg,狗,猫,0.871469,0.871469,0.128531
/Users/shiquantao/Desktop/深度学习/猫狗分类器/数据/Preprocessed_Data/test/dogs/dog.7191.jpg,狗,猫,0.870671,0.870671,0.129329
/Users/shiquantao/Desktop/深度学习/猫狗分类器/数据/Preprocessed_Data/test/dogs/dog.4534.jpg,狗,猫,0.870544,0.870544,0.129456
/Users/shiquantao/Desktop/深度学习/猫狗分类器/数据/Preprocessed_Data/test/dogs/dog.492.jpg,狗,猫,0.870357,0.870357,0.129643
/Users/shiquantao/Desktop/深度学习/猫狗分类器/数据/Preprocessed_Data/test/cats/cat.5154.jpg,猫,狗,0.870106,0.129894,0.870106
/Users/shiquantao/Desktop/深度学习/猫狗分类器/数据/Preprocessed_Data/test/dogs/dog.794.jpg,狗,猫,0.868329,0.868329,0.131671
/Users/shiquantao/Desktop/深度学习/猫狗分类器/数据/Preprocessed_Data/test/dogs/dog.2082.jpg,狗,猫,0.867972,0.867972,0.132028
/Users/shiquantao/Desktop/深度学习/猫狗分类器/数据/Preprocessed_Data/test/cats/cat.85.jpg,猫,狗,0.867223,0.132777,0.867223
/Users/shiquantao/Desktop/深度学习/猫狗分类器/数据/Preprocessed_Data/test/cats/cat.11846.jpg,猫,狗,0.865075,0.134925,0.865075
/Users/shiquantao/Desktop/深度学习/猫狗分类器/数据/Preprocessed_Data/test/cats/cat.500.jpg,猫,狗,0.864961,0.135039,0.864961
/Users/shiquantao/Desktop/深度学习/猫狗分类器/数据/Preprocessed_Data/test/dogs/dog.6030.jpg,狗,猫,0.864936,0.864936,0.135064
/Users/shiquantao/Desktop/深度学习/猫狗分类器/数据/Preprocessed_Data/test/cats/cat.2723.jpg,猫,狗,0.864769,0.135231,0.864769
/Users/shiquantao/Desktop/深度学习/猫狗分类器/数据/Preprocessed_Data/test/dogs/dog.9687.jpg,狗,猫,0.863285,0.863285,0.136715
/Users/shiquantao/Desktop/深度学习/猫狗分类器/数据/Preprocessed_Data/test/cats/cat.5324.jpg,猫,狗,0.862731,0.137269,0.862731
/Users/shiquantao/Desktop/深度学习/猫狗分类器/数据/Preprocessed_Data/test/dogs/dog.5972.jpg,狗,猫,0.862573,0.862573,0.137427
/Users/shiquantao/Desktop/深度学习/猫狗分类器/数据/Preprocessed_Data/test/cats/cat.9513.jpg,猫,狗,0.862480,0.137520,0.862480
/Users/shiquantao/Desktop/深度学习/猫狗分类器/数据/Preprocessed_Data/test/cats/cat.10309.jpg,猫,狗,0.862465,0.137535,0.862465
/Users/shiquantao/Desktop/深度学习/猫狗分类器/数据/Preprocessed_Data/test/dogs/dog.7654.jpg,狗,猫,0.862398,0.862398,0.137602
/Users/shiquantao/Desktop/深度学习/猫狗分类器/数据/Preprocessed_Data/test/cats/cat.691.jpg,猫,狗,0.862224,0.137776,0.862224
/Users/shiquantao/Desktop/深度学习/猫狗分类器/数据/Preprocessed_Data/test/cats/cat.7119.jpg,猫,狗,0.861781,0.138219,0.861781
/Users/shiquantao/Desktop/深度学习/猫狗分类器/数据/Preprocessed_Data/test/cats/cat.12319.jpg,猫,狗,0.861517,0.138483,0.861517
/Users/shiquantao/Desktop/深度学习/猫狗分类器/数据/Preprocessed_Data/test/dogs/dog.6272.jpg,狗,猫,0.859213,0.859213,0.140787
/Users/shiquantao/Desktop/深度学习/猫狗分类器/数据/Preprocessed_Data/test/dogs/dog.11382.jpg,狗,猫,0.858761,0.858761,0.141239
/Users/shiquantao/Desktop/深度学习/猫狗分类器/数据/Preprocessed_Data/test/dogs/dog.10900.jpg,狗,猫,0.857684,0.857684,0.142316
/Users/shiquantao/Desktop/深度学习/猫狗分类器/数据/Preprocessed_Data/test/cats/cat.7749.jpg,猫,狗,0.856256,0.143744,0.856256
/Users/shiquantao/Desktop/深度学习/猫狗分类器/数据/Preprocessed_Data/test/dogs/dog.3432.jpg,狗,猫,0.855968,0.855968,0.144032
/Users/shiquantao/Desktop/深度学习/猫狗分类器/数据/Preprocessed_Data/test/cats/cat.8519.jpg,猫,狗,0.855955,0.144045,0.855955
/Users/shiquantao/Desktop/深度学习/猫狗分类器/数据/Preprocessed_Data/test/cats/cat.11052.jpg,猫,狗,0.855675,0.144325,0.855675
/Users/shiquantao/Desktop/深度学习/猫狗分类器/数据/Preprocessed_Data/test/cats/cat.8531.jpg,猫,狗,0.855555,0.144445,0.855555
/Users/shiquantao/Desktop/深度学习/猫狗分类器/数据/Preprocessed_Data/test/dogs/dog.7494.jpg,狗,猫,0.855527,0.855527,0.144473
/Users/shiquantao/Desktop/深度学习/猫狗分类器/数据/Preprocessed_Data/test/cats/cat.7285.jpg,猫,狗,0.855347,0.144653,0.855347
/Users/shiquantao/Desktop/深度学习/猫狗分类器/数据/Preprocessed_Data/test/cats/cat.1290.jpg,猫,狗,0.855231,0.144769,0.855231
/Users/shiquantao/Desktop/深度学习/猫狗分类器/数据/Preprocessed_Data/test/dogs/dog.10105.jpg,狗,猫,0.854988,0.854988,0.145012
/Users/shiquantao/Desktop/深度学习/猫狗分类器/数据/Preprocessed_Data/test/cats/cat.8501.jpg,猫,狗,0.854946,0.145054,0.854946
/Users/shiquantao/Desktop/深度学习/猫狗分类器/数据/Preprocessed_Data/test/cats/cat.5723.jpg,猫,狗,0.854766,0.145234,0.854766
/Users/shiquantao/Desktop/深度学习/猫狗分类器/数据/Preprocessed_Data/test/dogs/dog.4400.jpg,狗,猫,0.854312,0.854312,0.145688
/Users/shiquantao/Desktop/深度学习/猫狗分类器/数据/Preprocessed_Data/test/dogs/dog.4513.jpg,狗,猫,0.852517,0.852517,0.147483
/Users/shiquantao/Desktop/深度学习/猫狗分类器/数据/Preprocessed_Data/test/cats/cat.6737.jpg,猫,狗,0.852400,0.147600,0.852400
/Users/shiquantao/Desktop/深度学习/猫狗分类器/数据/Preprocessed_Data/test/cats/cat.9213.jpg,猫,狗,0.852393,0.147607,0.852393
/Users/shiquantao/Desktop/深度学习/猫狗分类器/数据/Preprocessed_Data/test/dogs/dog.6571.jpg,狗,猫,0.851887,0.851887,0.148113
/Users/shiquantao/Desktop/深度学习/猫狗分类器/数据/Preprocessed_Data/test/cats/cat.11348.jpg,猫,狗,0.850604,0.149396,0.850604
/Users/shiquantao/Desktop/深度学习/猫狗分类器/数据/Preprocessed_Data/test/cats/cat.3200.jpg,猫,狗,0.850604,0.149396,0.850604
/Users/shiquantao/Desktop/深度学习/猫狗分类器/数据/Preprocessed_Data/test/cats/cat.10222.jpg,猫,狗,0.849394,0.150606,0.849394
/Users/shiquantao/Desktop/深度学习/猫狗分类器/数据/Preprocessed_Data/test/dogs/dog.1040.jpg,狗,猫,0.848929,0.848929,0.151071
/Users/shiquantao/Desktop/深度学习/猫狗分类器/数据/Preprocessed_Data/test/dogs/dog.1252.jpg,狗,猫,0.848920,0.848920,0.151080
/Users/shiquantao/Desktop/深度学习/猫狗分类器/数据/Preprocessed_Data/test/dogs/dog.2618.jpg,狗,猫,0.848822,0.848822,0.151178
/Users/shiquantao/Desktop/深度学习/猫狗分类器/数据/Preprocessed_Data/test/dogs/dog.3805.jpg,狗,猫,0.848414,0.848414,0.151586
/Users/shiquantao/Desktop/深度学习/猫狗分类器/数据/Preprocessed_Data/test/cats/cat.685.jpg,猫,狗,0.848173,0.151827,0.848173
/Users/shiquantao/Desktop/深度学习/猫狗分类器/数据/Preprocessed_Data/test/dogs/dog.3223.jpg,狗,猫,0.847826,0.847826,0.152174
/Users/shiquantao/Desktop/深度学习/猫狗分类器/数据/Preprocessed_Data/test/cats/cat.6425.jpg,猫,狗,0.847489,0.152511,0.847489
/Users/shiquantao/Desktop/深度学习/猫狗分类器/数据/Preprocessed_Data/test/cats/cat.3847.jpg,猫,狗,0.847111,0.152889,0.847111
/Users/shiquantao/Desktop/深度学习/猫狗分类器/数据/Preprocessed_Data/test/cats/cat.9086.jpg,猫,狗,0.846946,0.153054,0.846946
/Users/shiquantao/Desktop/深度学习/猫狗分类器/数据/Preprocessed_Data/test/dogs/dog.443.jpg,狗,猫,0.846001,0.846001,0.153999
/Users/shiquantao/Desktop/深度学习/猫狗分类器/数据/Preprocessed_Data/test/dogs/dog.4301.jpg,狗,猫,0.845852,0.845852,0.154148
/Users/shiquantao/Desktop/深度学习/猫狗分类器/数据/Preprocessed_Data/test/dogs/dog.1840.jpg,狗,猫,0.844553,0.844553,0.155447
/Users/shiquantao/Desktop/深度学习/猫狗分类器/数据/Preprocessed_Data/test/dogs/dog.7359.jpg,狗,猫,0.843537,0.843537,0.156463
/Users/shiquantao/Desktop/深度学习/猫狗分类器/数据/Preprocessed_Data/test/cats/cat.6875.jpg,猫,狗,0.842426,0.157574,0.842426
/Users/shiquantao/Desktop/深度学习/猫狗分类器/数据/Preprocessed_Data/test/dogs/dog.8891.jpg,狗,猫,0.841976,0.841976,0.158024
/Users/shiquantao/Desktop/深度学习/猫狗分类器/数据/Preprocessed_Data/test/cats/cat.6321.jpg,猫,狗,0.839210,0.160790,0.839210
/Users/shiquantao/Desktop/深度学习/猫狗分类器/数据/Preprocessed_Data/test/cats/cat.10536.jpg,猫,狗,0.839086,0.160914,0.839086
/Users/shiquantao/Desktop/深度学习/猫狗分类器/数据/Preprocessed_Data/test/cats/cat.4502.jpg,猫,狗,0.839000,0.161000,0.839000
/Users/shiquantao/Desktop/深度学习/猫狗分类器/数据/Preprocessed_Data/test/dogs/dog.4028.jpg,狗,猫,0.838639,0.838639,0.161361
/Users/shiquantao/Desktop/深度学习/猫狗分类器/数据/Preprocessed_Data/test/dogs/dog.8536.jpg,狗,猫,0.837918,0.837918,0.162082
/Users/shiquantao/Desktop/深度学习/猫狗分类器/数据/Preprocessed_Data/test/cats/cat.6310.jpg,猫,狗,0.837291,0.162709,0.837291
/Users/shiquantao/Desktop/深度学习/猫狗分类器/数据/Preprocessed_Data/test/dogs/dog.10856.jpg,狗,猫,0.836772,0.836772,0.163228
/Users/shiquantao/Desktop/深度学习/猫狗分类器/数据/Preprocessed_Data/test/dogs/dog.5430.jpg,狗,猫,0.836765,0.836765,0.163235
/Users/shiquantao/Desktop/深度学习/猫狗分类器/数据/Preprocessed_Data/test/dogs/dog.5701.jpg,狗,猫,0.836043,0.836043,0.163957
/Users/shiquantao/Desktop/深度学习/猫狗分类器/数据/Preprocessed_Data/test/dogs/dog.2316.jpg,狗,猫,0.835822,0.835822,0.164178
/Users/shiquantao/Desktop/深度学习/猫狗分类器/数据/Preprocessed_Data/test/dogs/dog.6632.jpg,狗,猫,0.835463,0.835463,0.164537
/Users/shiquantao/Desktop/深度学习/猫狗分类器/数据/Preprocessed_Data/test/cats/cat.11922.jpg,猫,狗,0.835180,0.164820,0.835180
/Users/shiquantao/Desktop/深度学习/猫狗分类器/数据/Preprocessed_Data/test/cats/cat.11987.jpg,猫,狗,0.834831,0.165169,0.834831
/Users/shiquantao/Desktop/深度学习/猫狗分类器/数据/Preprocessed_Data/test/dogs/dog.8121.jpg,狗,猫,0.833934,0.833934,0.166066
/Users/shiquantao/Desktop/深度学习/猫狗分类器/数据/Preprocessed_Data/test/cats/cat.5552.jpg,猫,狗,0.833217,0.166783,0.833217
/Users/shiquantao/Desktop/深度学习/猫狗分类器/数据/Preprocessed_Data/test/dogs/dog.11708.jpg,狗,猫,0.832888,0.832888,0.167112
/Users/shiquantao/Desktop/深度学习/猫狗分类器/数据/Preprocessed_Data/test/cats/cat.4360.jpg,猫,狗,0.832681,0.167319,0.832681
/Users/shiquantao/Desktop/深度学习/猫狗分类器/数据/Preprocessed_Data/test/dogs/dog.205.jpg,狗,猫,0.831922,0.831922,0.168078
/Users/shiquantao/Desktop/深度学习/猫狗分类器/数据/Preprocessed_Data/test/cats/cat.10026.jpg,猫,狗,0.831876,0.168124,0.831876
/Users/shiquantao/Desktop/深度学习/猫狗分类器/数据/Preprocessed_Data/test/dogs/dog.2605.jpg,狗,猫,0.831868,0.831868,0.168132
/Users/shiquantao/Desktop/深度学习/猫狗分类器/数据/Preprocessed_Data/test/cats/cat.6137.jpg,猫,狗,0.831642,0.168358,0.831642
/Users/shiquantao/Desktop/深度学习/猫狗分类器/数据/Preprocessed_Data/test/cats/cat.3591.jpg,猫,狗,0.830719,0.169281,0.830719
/Users/shiquantao/Desktop/深度学习/猫狗分类器/数据/Preprocessed_Data/test/dogs/dog.5158.jpg,狗,猫,0.830282,0.830282,0.169718
/Users/shiquantao/Desktop/深度学习/猫狗分类器/数据/Preprocessed_Data/test/cats/cat.8633.jpg,猫,狗,0.830271,0.169729,0.830271
/Users/shiquantao/Desktop/深度学习/猫狗分类器/数据/Preprocessed_Data/test/cats/cat.5931.jpg,猫,狗,0.829876,0.170124,0.829876
/Users/shiquantao/Desktop/深度学习/猫狗分类器/数据/Preprocessed_Data/test/cats/cat.5397.jpg,猫,狗,0.829622,0.170378,0.829622
/Users/shiquantao/Desktop/深度学习/猫狗分类器/数据/Preprocessed_Data/test/dogs/dog.3521.jpg,狗,猫,0.828857,0.828857,0.171143
/Users/shiquantao/Desktop/深度学习/猫狗分类器/数据/Preprocessed_Data/test/cats/cat.8731.jpg,猫,狗,0.828721,0.171279,0.828721
/Users/shiquantao/Desktop/深度学习/猫狗分类器/数据/Preprocessed_Data/test/dogs/dog.5528.jpg,狗,猫,0.827922,0.827922,0.172078
/Users/shiquantao/Desktop/深度学习/猫狗分类器/数据/Preprocessed_Data/test/dogs/dog.5622.jpg,狗,猫,0.827369,0.827369,0.172631
/Users/shiquantao/Desktop/深度学习/猫狗分类器/数据/Preprocessed_Data/test/dogs/dog.9702.jpg,狗,猫,0.827293,0.827293,0.172707
/Users/shiquantao/Desktop/深度学习/猫狗分类器/数据/Preprocessed_Data/test/cats/cat.961.jpg,猫,狗,0.826165,0.173835,0.826165
/Users/shiquantao/Desktop/深度学习/猫狗分类器/数据/Preprocessed_Data/test/cats/cat.7067.jpg,猫,狗,0.825625,0.174375,0.825625
/Users/shiquantao/Desktop/深度学习/猫狗分类器/数据/Preprocessed_Data/test/cats/cat.1707.jpg,猫,狗,0.824481,0.175519,0.824481
/Users/shiquantao/Desktop/深度学习/猫狗分类器/数据/Preprocessed_Data/test/dogs/dog.375.jpg,狗,猫,0.823687,0.823687,0.176313
/Users/shiquantao/Desktop/深度学习/猫狗分类器/数据/Preprocessed_Data/test/dogs/dog.10777.jpg,狗,猫,0.823304,0.823304,0.176696
/Users/shiquantao/Desktop/深度学习/猫狗分类器/数据/Preprocessed_Data/test/dogs/dog.2664.jpg,狗,猫,0.821966,0.821966,0.178034
/Users/shiquantao/Desktop/深度学习/猫狗分类器/数据/Preprocessed_Data/test/dogs/dog.11663.jpg,狗,猫,0.821647,0.821647,0.178353
/Users/shiquantao/Desktop/深度学习/猫狗分类器/数据/Preprocessed_Data/test/cats/cat.10213.jpg,猫,狗,0.821396,0.178604,0.821396
/Users/shiquantao/Desktop/深度学习/猫狗分类器/数据/Preprocessed_Data/test/dogs/dog.11325.jpg,狗,猫,0.820206,0.820206,0.179794
/Users/shiquantao/Desktop/深度学习/猫狗分类器/数据/Preprocessed_Data/test/cats/cat.8588.jpg,猫,狗,0.820157,0.179843,0.820157
/Users/shiquantao/Desktop/深度学习/猫狗分类器/数据/Preprocessed_Data/test/dogs/dog.7571.jpg,狗,猫,0.820127,0.820127,0.179873
/Users/shiquantao/Desktop/深度学习/猫狗分类器/数据/Preprocessed_Data/test/dogs/dog.1975.jpg,狗,猫,0.819668,0.819668,0.180332
/Users/shiquantao/Desktop/深度学习/猫狗分类器/数据/Preprocessed_Data/test/dogs/dog.4732.jpg,狗,猫,0.819325,0.819325,0.180675
/Users/shiquantao/Desktop/深度学习/猫狗分类器/数据/Preprocessed_Data/test/cats/cat.12138.jpg,猫,狗,0.818560,0.181440,0.818560
/Users/shiquantao/Desktop/深度学习/猫狗分类器/数据/Preprocessed_Data/test/dogs/dog.888.jpg,狗,猫,0.818095,0.818095,0.181905
/Users/shiquantao/Desktop/深度学习/猫狗分类器/数据/Preprocessed_Data/test/dogs/dog.4043.jpg,狗,猫,0.816970,0.816970,0.183030
/Users/shiquantao/Desktop/深度学习/猫狗分类器/数据/Preprocessed_Data/test/cats/cat.2177.jpg,猫,狗,0.816637,0.183363,0.816637
/Users/shiquantao/Desktop/深度学习/猫狗分类器/数据/Preprocessed_Data/test/dogs/dog.9221.jpg,狗,猫,0.815405,0.815405,0.184595
/Users/shiquantao/Desktop/深度学习/猫狗分类器/数据/Preprocessed_Data/test/cats/cat.10532.jpg,猫,狗,0.813136,0.186864,0.813136
/Users/shiquantao/Desktop/深度学习/猫狗分类器/数据/Preprocessed_Data/test/cats/cat.2002.jpg,猫,狗,0.812434,0.187566,0.812434
/Users/shiquantao/Desktop/深度学习/猫狗分类器/数据/Preprocessed_Data/test/dogs/dog.6929.jpg,狗,猫,0.809302,0.809302,0.190698
/Users/shiquantao/Desktop/深度学习/猫狗分类器/数据/Preprocessed_Data/test/cats/cat.1932.jpg,猫,狗,0.808965,0.191035,0.808965
/Users/shiquantao/Desktop/深度学习/猫狗分类器/数据/Preprocessed_Data/test/dogs/dog.1137.jpg,狗,猫,0.806771,0.806771,0.193229
/Users/shiquantao/Desktop/深度学习/猫狗分类器/数据/Preprocessed_Data/test/dogs/dog.2317.jpg,狗,猫,0.806574,0.806574,0.193426
/Users/shiquantao/Desktop/深度学习/猫狗分类器/数据/Preprocessed_Data/test/cats/cat.5432.jpg,猫,狗,0.805712,0.194288,0.805712
/Users/shiquantao/Desktop/深度学习/猫狗分类器/数据/Preprocessed_Data/test/dogs/dog.2024.jpg,狗,猫,0.805029,0.805029,0.194971
/Users/shiquantao/Desktop/深度学习/猫狗分类器/数据/Preprocessed_Data/test/cats/cat.9845.jpg,猫,狗,0.804970,0.195030,0.804970
/Users/shiquantao/Desktop/深度学习/猫狗分类器/数据/Preprocessed_Data/test/dogs/dog.1848.jpg,狗,猫,0.803879,0.803879,0.196121
/Users/shiquantao/Desktop/深度学习/猫狗分类器/数据/Preprocessed_Data/test/dogs/dog.8848.jpg,狗,猫,0.803644,0.803644,0.196356
/Users/shiquantao/Desktop/深度学习/猫狗分类器/数据/Preprocessed_Data/test/cats/cat.3727.jpg,猫,狗,0.802016,0.197984,0.802016
/Users/shiquantao/Desktop/深度学习/猫狗分类器/数据/Preprocessed_Data/test/dogs/dog.9667.jpg,狗,猫,0.801712,0.801712,0.198288
/Users/shiquantao/Desktop/深度学习/猫狗分类器/数据/Preprocessed_Data/test/dogs/dog.10580.jpg,狗,猫,0.801500,0.801500,0.198500
/Users/shiquantao/Desktop/深度学习/猫狗分类器/数据/Preprocessed_Data/test/cats/cat.4329.jpg,猫,狗,0.800392,0.199608,0.800392
/Users/shiquantao/Desktop/深度学习/猫狗分类器/数据/Preprocessed_Data/test/cats/cat.2373.jpg,猫,狗,0.799766,0.200234,0.799766
/Users/shiquantao/Desktop/深度学习/猫狗分类器/数据/Preprocessed_Data/test/cats/cat.9006.jpg,猫,狗,0.798964,0.201036,0.798964
/Users/shiquantao/Desktop/深度学习/猫狗分类器/数据/Preprocessed_Data/test/dogs/dog.10196.jpg,狗,猫,0.798674,0.798674,0.201326
/Users/shiquantao/Desktop/深度学习/猫狗分类器/数据/Preprocessed_Data/test/cats/cat.7324.jpg,猫,狗,0.797835,0.202165,0.797835
/Users/shiquantao/Desktop/深度学习/猫狗分类器/数据/Preprocessed_Data/test/cats/cat.9603.jpg,猫,狗,0.796954,0.203046,0.796954
/Users/shiquantao/Desktop/深度学习/猫狗分类器/数据/Preprocessed_Data/test/cats/cat.5146.jpg,猫,狗,0.796869,0.203131,0.796869
/Users/shiquantao/Desktop/深度学习/猫狗分类器/数据/Preprocessed_Data/test/cats/cat.4767.jpg,猫,狗,0.796753,0.203247,0.796753
/Users/shiquantao/Desktop/深度学习/猫狗分类器/数据/Preprocessed_Data/test/cats/cat.9279.jpg,猫,狗,0.795829,0.204171,0.795829
/Users/shiquantao/Desktop/深度学习/猫狗分类器/数据/Preprocessed_Data/test/dogs/dog.2582.jpg,狗,猫,0.795016,0.795016,0.204984
/Users/shiquantao/Desktop/深度学习/猫狗分类器/数据/Preprocessed_Data/test/cats/cat.10747.jpg,猫,狗,0.794610,0.205390,0.794610
/Users/shiquantao/Desktop/深度学习/猫狗分类器/数据/Preprocessed_Data/test/dogs/dog.12390.jpg,狗,猫,0.793943,0.793943,0.206057
/Users/shiquantao/Desktop/深度学习/猫狗分类器/数据/Preprocessed_Data/test/dogs/dog.12082.jpg,狗,猫,0.793274,0.793274,0.206726
/Users/shiquantao/Desktop/深度学习/猫狗分类器/数据/Preprocessed_Data/test/dogs/dog.2301.jpg,狗,猫,0.793165,0.793165,0.206835
/Users/shiquantao/Desktop/深度学习/猫狗分类器/数据/Preprocessed_Data/test/cats/cat.1600.jpg,猫,狗,0.792681,0.207319,0.792681
/Users/shiquantao/Desktop/深度学习/猫狗分类器/数据/Preprocessed_Data/test/dogs/dog.2962.jpg,狗,猫,0.791962,0.791962,0.208038
/Users/shiquantao/Desktop/深度学习/猫狗分类器/数据/Preprocessed_Data/test/cats/cat.6202.jpg,猫,狗,0.791909,0.208091,0.791909
/Users/shiquantao/Desktop/深度学习/猫狗分类器/数据/Preprocessed_Data/test/dogs/dog.8330.jpg,狗,猫,0.790909,0.790909,0.209091
/Users/shiquantao/Desktop/深度学习/猫狗分类器/数据/Preprocessed_Data/test/cats/cat.11313.jpg,猫,狗,0.790580,0.209420,0.790580
/Users/shiquantao/Desktop/深度学习/猫狗分类器/数据/Preprocessed_Data/test/cats/cat.4809.jpg,猫,狗,0.789643,0.210357,0.789643
/Users/shiquantao/Desktop/深度学习/猫狗分类器/数据/Preprocessed_Data/test/dogs/dog.10155.jpg,狗,猫,0.788314,0.788314,0.211686
/Users/shiquantao/Desktop/深度学习/猫狗分类器/数据/Preprocessed_Data/test/dogs/dog.12227.jpg,狗,猫,0.788138,0.788138,0.211862
/Users/shiquantao/Desktop/深度学习/猫狗分类器/数据/Preprocessed_Data/test/cats/cat.7497.jpg,猫,狗,0.787448,0.212552,0.787448
/Users/shiquantao/Desktop/深度学习/猫狗分类器/数据/Preprocessed_Data/test/cats/cat.7449.jpg,猫,狗,0.787102,0.212899,0.787102
/Users/shiquantao/Desktop/深度学习/猫狗分类器/数据/Preprocessed_Data/test/dogs/dog.5554.jpg,狗,猫,0.786380,0.786380,0.213620
/Users/shiquantao/Desktop/深度学习/猫狗分类器/数据/Preprocessed_Data/test/cats/cat.10241.jpg,猫,狗,0.785946,0.214054,0.785946
/Users/shiquantao/Desktop/深度学习/猫狗分类器/数据/Preprocessed_Data/test/cats/cat.1163.jpg,猫,狗,0.785729,0.214271,0.785729
/Users/shiquantao/Desktop/深度学习/猫狗分类器/数据/Preprocessed_Data/test/cats/cat.1653.jpg,猫,狗,0.784163,0.215837,0.784163
/Users/shiquantao/Desktop/深度学习/猫狗分类器/数据/Preprocessed_Data/test/dogs/dog.11084.jpg,狗,猫,0.784135,0.784135,0.215865
/Users/shiquantao/Desktop/深度学习/猫狗分类器/数据/Preprocessed_Data/test/dogs/dog.8610.jpg,狗,猫,0.783855,0.783855,0.216145
/Users/shiquantao/Desktop/深度学习/猫狗分类器/数据/Preprocessed_Data/test/dogs/dog.10967.jpg,狗,猫,0.783694,0.783694,0.216306
/Users/shiquantao/Desktop/深度学习/猫狗分类器/数据/Preprocessed_Data/test/dogs/dog.7284.jpg,狗,猫,0.783582,0.783582,0.216418
/Users/shiquantao/Desktop/深度学习/猫狗分类器/数据/Preprocessed_Data/test/cats/cat.1481.jpg,猫,狗,0.783448,0.216552,0.783448
/Users/shiquantao/Desktop/深度学习/猫狗分类器/数据/Preprocessed_Data/test/cats/cat.7284.jpg,猫,狗,0.782788,0.217212,0.782788
/Users/shiquantao/Desktop/深度学习/猫狗分类器/数据/Preprocessed_Data/test/cats/cat.11823.jpg,猫,狗,0.780651,0.219349,0.780651
/Users/shiquantao/Desktop/深度学习/猫狗分类器/数据/Preprocessed_Data/test/dogs/dog.7088.jpg,狗,猫,0.780564,0.780564,0.219436
/Users/shiquantao/Desktop/深度学习/猫狗分类器/数据/Preprocessed_Data/test/dogs/dog.61.jpg,狗,猫,0.780250,0.780250,0.219750
/Users/shiquantao/Desktop/深度学习/猫狗分类器/数据/Preprocessed_Data/test/cats/cat.684.jpg,猫,狗,0.778132,0.221868,0.778132
/Users/shiquantao/Desktop/深度学习/猫狗分类器/数据/Preprocessed_Data/test/cats/cat.1809.jpg,猫,狗,0.776855,0.223145,0.776855
/Users/shiquantao/Desktop/深度学习/猫狗分类器/数据/Preprocessed_Data/test/dogs/dog.3883.jpg,狗,猫,0.775972,0.775972,0.224028
/Users/shiquantao/Desktop/深度学习/猫狗分类器/数据/Preprocessed_Data/test/dogs/dog.6205.jpg,狗,猫,0.775511,0.775511,0.224489
/Users/shiquantao/Desktop/深度学习/猫狗分类器/数据/Preprocessed_Data/test/cats/cat.7848.jpg,猫,狗,0.774915,0.225085,0.774915
/Users/shiquantao/Desktop/深度学习/猫狗分类器/数据/Preprocessed_Data/test/dogs/dog.10968.jpg,狗,猫,0.774889,0.774889,0.225112
/Users/shiquantao/Desktop/深度学习/猫狗分类器/数据/Preprocessed_Data/test/dogs/dog.9125.jpg,狗,猫,0.774507,0.774507,0.225493
/Users/shiquantao/Desktop/深度学习/猫狗分类器/数据/Preprocessed_Data/test/dogs/dog.8321.jpg,狗,猫,0.774238,0.774238,0.225762
/Users/shiquantao/Desktop/深度学习/猫狗分类器/数据/Preprocessed_Data/test/cats/cat.7657.jpg,猫,狗,0.773266,0.226734,0.773266
/Users/shiquantao/Desktop/深度学习/猫狗分类器/数据/Preprocessed_Data/test/cats/cat.10086.jpg,猫,狗,0.772797,0.227203,0.772797
/Users/shiquantao/Desktop/深度学习/猫狗分类器/数据/Preprocessed_Data/test/cats/cat.10630.jpg,猫,狗,0.772366,0.227634,0.772366
/Users/shiquantao/Desktop/深度学习/猫狗分类器/数据/Preprocessed_Data/test/cats/cat.4889.jpg,猫,狗,0.772039,0.227961,0.772039
/Users/shiquantao/Desktop/深度学习/猫狗分类器/数据/Preprocessed_Data/test/dogs/dog.381.jpg,狗,猫,0.771397,0.771397,0.228603
/Users/shiquantao/Desktop/深度学习/猫狗分类器/数据/Preprocessed_Data/test/dogs/dog.12290.jpg,狗,猫,0.770993,0.770993,0.229007
/Users/shiquantao/Desktop/深度学习/猫狗分类器/数据/Preprocessed_Data/test/dogs/dog.925.jpg,狗,猫,0.770884,0.770884,0.229116
/Users/shiquantao/Desktop/深度学习/猫狗分类器/数据/Preprocessed_Data/test/dogs/dog.8379.jpg,狗,猫,0.770696,0.770696,0.229305
/Users/shiquantao/Desktop/深度学习/猫狗分类器/数据/Preprocessed_Data/test/cats/cat.9934.jpg,猫,狗,0.769663,0.230337,0.769663
/Users/shiquantao/Desktop/深度学习/猫狗分类器/数据/Preprocessed_Data/test/dogs/dog.4106.jpg,狗,猫,0.769017,0.769017,0.230983
/Users/shiquantao/Desktop/深度学习/猫狗分类器/数据/Preprocessed_Data/test/dogs/dog.10881.jpg,狗,猫,0.768791,0.768791,0.231208
/Users/shiquantao/Desktop/深度学习/猫狗分类器/数据/Preprocessed_Data/test/cats/cat.11736.jpg,猫,狗,0.768255,0.231745,0.768255
/Users/shiquantao/Desktop/深度学习/猫狗分类器/数据/Preprocessed_Data/test/cats/cat.11688.jpg,猫,狗,0.767678,0.232322,0.767678
/Users/shiquantao/Desktop/深度学习/猫狗分类器/数据/Preprocessed_Data/test/cats/cat.4392.jpg,猫,狗,0.767624,0.232376,0.767624
/Users/shiquantao/Desktop/深度学习/猫狗分类器/数据/Preprocessed_Data/test/cats/cat.1286.jpg,猫,狗,0.767322,0.232678,0.767322
/Users/shiquantao/Desktop/深度学习/猫狗分类器/数据/Preprocessed_Data/test/cats/cat.12183.jpg,猫,狗,0.767075,0.232925,0.767075
/Users/shiquantao/Desktop/深度学习/猫狗分类器/数据/Preprocessed_Data/test/cats/cat.6172.jpg,猫,狗,0.766512,0.233488,0.766512
/Users/shiquantao/Desktop/深度学习/猫狗分类器/数据/Preprocessed_Data/test/dogs/dog.4991.jpg,狗,猫,0.764317,0.764317,0.235683
/Users/shiquantao/Desktop/深度学习/猫狗分类器/数据/Preprocessed_Data/test/cats/cat.8674.jpg,猫,狗,0.764301,0.235699,0.764301
/Users/shiquantao/Desktop/深度学习/猫狗分类器/数据/Preprocessed_Data/test/dogs/dog.9921.jpg,狗,猫,0.763606,0.763606,0.236394
/Users/shiquantao/Desktop/深度学习/猫狗分类器/数据/Preprocessed_Data/test/dogs/dog.1276.jpg,狗,猫,0.763313,0.763313,0.236687
/Users/shiquantao/Desktop/深度学习/猫狗分类器/数据/Preprocessed_Data/test/cats/cat.2762.jpg,猫,狗,0.761907,0.238093,0.761907
/Users/shiquantao/Desktop/深度学习/猫狗分类器/数据/Preprocessed_Data/test/cats/cat.4760.jpg,猫,狗,0.761125,0.238875,0.761125
/Users/shiquantao/Desktop/深度学习/猫狗分类器/数据/Preprocessed_Data/test/dogs/dog.1638.jpg,狗,猫,0.761036,0.761036,0.238964
/Users/shiquantao/Desktop/深度学习/猫狗分类器/数据/Preprocessed_Data/test/dogs/dog.2196.jpg,狗,猫,0.760662,0.760662,0.239338
/Users/shiquantao/Desktop/深度学习/猫狗分类器/数据/Preprocessed_Data/test/cats/cat.1062.jpg,猫,狗,0.759757,0.240243,0.759757
/Users/shiquantao/Desktop/深度学习/猫狗分类器/数据/Preprocessed_Data/test/dogs/dog.8820.jpg,狗,猫,0.759677,0.759677,0.240323
/Users/shiquantao/Desktop/深度学习/猫狗分类器/数据/Preprocessed_Data/test/cats/cat.4917.jpg,猫,狗,0.759618,0.240382,0.759618
/Users/shiquantao/Desktop/深度学习/猫狗分类器/数据/Preprocessed_Data/test/dogs/dog.11576.jpg,狗,猫,0.759615,0.759615,0.240385
/Users/shiquantao/Desktop/深度学习/猫狗分类器/数据/Preprocessed_Data/test/dogs/dog.95.jpg,狗,猫,0.759553,0.759553,0.240447
/Users/shiquantao/Desktop/深度学习/猫狗分类器/数据/Preprocessed_Data/test/cats/cat.2892.jpg,猫,狗,0.759150,0.240850,0.759150
/Users/shiquantao/Desktop/深度学习/猫狗分类器/数据/Preprocessed_Data/test/dogs/dog.8624.jpg,狗,猫,0.758411,0.758411,0.241589
/Users/shiquantao/Desktop/深度学习/猫狗分类器/数据/Preprocessed_Data/test/dogs/dog.1099.jpg,狗,猫,0.757795,0.757795,0.242205
/Users/shiquantao/Desktop/深度学习/猫狗分类器/数据/Preprocessed_Data/test/dogs/dog.4944.jpg,狗,猫,0.756750,0.756750,0.243250
/Users/shiquantao/Desktop/深度学习/猫狗分类器/数据/Preprocessed_Data/test/cats/cat.8189.jpg,猫,狗,0.756338,0.243662,0.756338
/Users/shiquantao/Desktop/深度学习/猫狗分类器/数据/Preprocessed_Data/test/dogs/dog.340.jpg,狗,猫,0.755723,0.755723,0.244277
/Users/shiquantao/Desktop/深度学习/猫狗分类器/数据/Preprocessed_Data/test/cats/cat.157.jpg,猫,狗,0.755479,0.244521,0.755479
/Users/shiquantao/Desktop/深度学习/猫狗分类器/数据/Preprocessed_Data/test/cats/cat.5227.jpg,猫,狗,0.755384,0.244616,0.755384
/Users/shiquantao/Desktop/深度学习/猫狗分类器/数据/Preprocessed_Data/test/dogs/dog.7577.jpg,狗,猫,0.754665,0.754665,0.245334
/Users/shiquantao/Desktop/深度学习/猫狗分类器/数据/Preprocessed_Data/test/dogs/dog.1380.jpg,狗,猫,0.754115,0.754115,0.245885
/Users/shiquantao/Desktop/深度学习/猫狗分类器/数据/Preprocessed_Data/test/dogs/dog.12491.jpg,狗,猫,0.753184,0.753184,0.246816
/Users/shiquantao/Desktop/深度学习/猫狗分类器/数据/Preprocessed_Data/test/dogs/dog.6835.jpg,狗,猫,0.753066,0.753066,0.246933
/Users/shiquantao/Desktop/深度学习/猫狗分类器/数据/Preprocessed_Data/test/dogs/dog.1499.jpg,狗,猫,0.753005,0.753005,0.246995
/Users/shiquantao/Desktop/深度学习/猫狗分类器/数据/Preprocessed_Data/test/cats/cat.518.jpg,猫,狗,0.752028,0.247972,0.752028
/Users/shiquantao/Desktop/深度学习/猫狗分类器/数据/Preprocessed_Data/test/dogs/dog.6436.jpg,狗,猫,0.751960,0.751960,0.248040
/Users/shiquantao/Desktop/深度学习/猫狗分类器/数据/Preprocessed_Data/test/cats/cat.9734.jpg,猫,狗,0.751952,0.248048,0.751952
/Users/shiquantao/Desktop/深度学习/猫狗分类器/数据/Preprocessed_Data/test/cats/cat.11990.jpg,猫,狗,0.751875,0.248125,0.751875
/Users/shiquantao/Desktop/深度学习/猫狗分类器/数据/Preprocessed_Data/test/cats/cat.7920.jpg,猫,狗,0.751625,0.248375,0.751625
/Users/shiquantao/Desktop/深度学习/猫狗分类器/数据/Preprocessed_Data/test/cats/cat.10616.jpg,猫,狗,0.751347,0.248653,0.751347
/Users/shiquantao/Desktop/深度学习/猫狗分类器/数据/Preprocessed_Data/test/dogs/dog.8634.jpg,狗,猫,0.751085,0.751085,0.248915
/Users/shiquantao/Desktop/深度学习/猫狗分类器/数据/Preprocessed_Data/test/dogs/dog.3752.jpg,狗,猫,0.750339,0.750339,0.249661
/Users/shiquantao/Desktop/深度学习/猫狗分类器/数据/Preprocessed_Data/test/cats/cat.7081.jpg,猫,狗,0.750321,0.249679,0.750321
/Users/shiquantao/Desktop/深度学习/猫狗分类器/数据/Preprocessed_Data/test/dogs/dog.10006.jpg,狗,猫,0.750137,0.750137,0.249863
/Users/shiquantao/Desktop/深度学习/猫狗分类器/数据/Preprocessed_Data/test/dogs/dog.1745.jpg,狗,猫,0.749815,0.749815,0.250185
/Users/shiquantao/Desktop/深度学习/猫狗分类器/数据/Preprocessed_Data/test/cats/cat.5711.jpg,猫,狗,0.749110,0.250890,0.749110
/Users/shiquantao/Desktop/深度学习/猫狗分类器/数据/Preprocessed_Data/test/cats/cat.10000.jpg,猫,狗,0.748749,0.251251,0.748749
/Users/shiquantao/Desktop/深度学习/猫狗分类器/数据/Preprocessed_Data/test/cats/cat.2581.jpg,猫,狗,0.747585,0.252415,0.747585
/Users/shiquantao/Desktop/深度学习/猫狗分类器/数据/Preprocessed_Data/test/dogs/dog.5898.jpg,狗,猫,0.747222,0.747222,0.252778
/Users/shiquantao/Desktop/深度学习/猫狗分类器/数据/Preprocessed_Data/test/cats/cat.9823.jpg,猫,狗,0.747151,0.252849,0.747151
/Users/shiquantao/Desktop/深度学习/猫狗分类器/数据/Preprocessed_Data/test/cats/cat.7835.jpg,猫,狗,0.746246,0.253754,0.746246
/Users/shiquantao/Desktop/深度学习/猫狗分类器/数据/Preprocessed_Data/test/cats/cat.369.jpg,猫,狗,0.745251,0.254749,0.745251
/Users/shiquantao/Desktop/深度学习/猫狗分类器/数据/Preprocessed_Data/test/cats/cat.10180.jpg,猫,狗,0.745108,0.254892,0.745108
/Users/shiquantao/Desktop/深度学习/猫狗分类器/数据/Preprocessed_Data/test/dogs/dog.5550.jpg,狗,猫,0.744582,0.744582,0.255418
/Users/shiquantao/Desktop/深度学习/猫狗分类器/数据/Preprocessed_Data/test/dogs/dog.4435.jpg,狗,猫,0.744454,0.744454,0.255546
/Users/shiquantao/Desktop/深度学习/猫狗分类器/数据/Preprocessed_Data/test/dogs/dog.3590.jpg,狗,猫,0.744225,0.744225,0.255775
/Users/shiquantao/Desktop/深度学习/猫狗分类器/数据/Preprocessed_Data/test/cats/cat.8623.jpg,猫,狗,0.743674,0.256326,0.743674
/Users/shiquantao/Desktop/深度学习/猫狗分类器/数据/Preprocessed_Data/test/dogs/dog.2506.jpg,狗,猫,0.743419,0.743419,0.256581
/Users/shiquantao/Desktop/深度学习/猫狗分类器/数据/Preprocessed_Data/test/dogs/dog.10788.jpg,狗,猫,0.742885,0.742885,0.257115
/Users/shiquantao/Desktop/深度学习/猫狗分类器/数据/Preprocessed_Data/test/dogs/dog.7470.jpg,狗,猫,0.742240,0.742240,0.257760
/Users/shiquantao/Desktop/深度学习/猫狗分类器/数据/Preprocessed_Data/test/cats/cat.8963.jpg,猫,狗,0.741802,0.258198,0.741802
/Users/shiquantao/Desktop/深度学习/猫狗分类器/数据/Preprocessed_Data/test/dogs/dog.7381.jpg,狗,猫,0.741764,0.741764,0.258236
/Users/shiquantao/Desktop/深度学习/猫狗分类器/数据/Preprocessed_Data/test/cats/cat.2687.jpg,猫,狗,0.741345,0.258655,0.741345
/Users/shiquantao/Desktop/深度学习/猫狗分类器/数据/Preprocessed_Data/test/cats/cat.10939.jpg,猫,狗,0.739959,0.260041,0.739959
/Users/shiquantao/Desktop/深度学习/猫狗分类器/数据/Preprocessed_Data/test/dogs/dog.3920.jpg,狗,猫,0.739720,0.739720,0.260280
/Users/shiquantao/Desktop/深度学习/猫狗分类器/数据/Preprocessed_Data/test/cats/cat.7754.jpg,猫,狗,0.739506,0.260494,0.739506
/Users/shiquantao/Desktop/深度学习/猫狗分类器/数据/Preprocessed_Data/test/cats/cat.12374.jpg,猫,狗,0.739054,0.260946,0.739054
/Users/shiquantao/Desktop/深度学习/猫狗分类器/数据/Preprocessed_Data/test/dogs/dog.1584.jpg,狗,猫,0.738329,0.738329,0.261671
/Users/shiquantao/Desktop/深度学习/猫狗分类器/数据/Preprocessed_Data/test/cats/cat.7432.jpg,猫,狗,0.738083,0.261917,0.738083
/Users/shiquantao/Desktop/深度学习/猫狗分类器/数据/Preprocessed_Data/test/dogs/dog.6741.jpg,狗,猫,0.738077,0.738077,0.261923
/Users/shiquantao/Desktop/深度学习/猫狗分类器/数据/Preprocessed_Data/test/cats/cat.9510.jpg,猫,狗,0.737209,0.262791,0.737209
/Users/shiquantao/Desktop/深度学习/猫狗分类器/数据/Preprocessed_Data/test/cats/cat.6510.jpg,猫,狗,0.736952,0.263048,0.736952
/Users/shiquantao/Desktop/深度学习/猫狗分类器/数据/Preprocessed_Data/test/dogs/dog.11066.jpg,狗,猫,0.736861,0.736861,0.263139
/Users/shiquantao/Desktop/深度学习/猫狗分类器/数据/Preprocessed_Data/test/cats/cat.6639.jpg,猫,狗,0.736837,0.263163,0.736837
/Users/shiquantao/Desktop/深度学习/猫狗分类器/数据/Preprocessed_Data/test/dogs/dog.10622.jpg,狗,猫,0.735539,0.735539,0.264461
/Users/shiquantao/Desktop/深度学习/猫狗分类器/数据/Preprocessed_Data/test/cats/cat.8235.jpg,猫,狗,0.735383,0.264617,0.735383
/Users/shiquantao/Desktop/深度学习/猫狗分类器/数据/Preprocessed_Data/test/dogs/dog.4930.jpg,狗,猫,0.735048,0.735048,0.264952
/Users/shiquantao/Desktop/深度学习/猫狗分类器/数据/Preprocessed_Data/test/cats/cat.6337.jpg,猫,狗,0.733550,0.266450,0.733550
/Users/shiquantao/Desktop/深度学习/猫狗分类器/数据/Preprocessed_Data/test/dogs/dog.5456.jpg,狗,猫,0.733458,0.733458,0.266542
/Users/shiquantao/Desktop/深度学习/猫狗分类器/数据/Preprocessed_Data/test/dogs/dog.1410.jpg,狗,猫,0.733428,0.733428,0.266572
/Users/shiquantao/Desktop/深度学习/猫狗分类器/数据/Preprocessed_Data/test/dogs/dog.942.jpg,狗,猫,0.733043,0.733043,0.266957
/Users/shiquantao/Desktop/深度学习/猫狗分类器/数据/Preprocessed_Data/test/dogs/dog.6905.jpg,狗,猫,0.732344,0.732344,0.267656
/Users/shiquantao/Desktop/深度学习/猫狗分类器/数据/Preprocessed_Data/test/cats/cat.5119.jpg,猫,狗,0.732081,0.267919,0.732081
/Users/shiquantao/Desktop/深度学习/猫狗分类器/数据/Preprocessed_Data/test/dogs/dog.3755.jpg,狗,猫,0.731480,0.731480,0.268520
/Users/shiquantao/Desktop/深度学习/猫狗分类器/数据/Preprocessed_Data/test/dogs/dog.7612.jpg,狗,猫,0.730898,0.730898,0.269102
/Users/shiquantao/Desktop/深度学习/猫狗分类器/数据/Preprocessed_Data/test/cats/cat.2564.jpg,猫,狗,0.730636,0.269364,0.730636
/Users/shiquantao/Desktop/深度学习/猫狗分类器/数据/Preprocessed_Data/test/cats/cat.10594.jpg,猫,狗,0.730631,0.269369,0.730631
/Users/shiquantao/Desktop/深度学习/猫狗分类器/数据/Preprocessed_Data/test/cats/cat.6862.jpg,猫,狗,0.730024,0.269976,0.730024
/Users/shiquantao/Desktop/深度学习/猫狗分类器/数据/Preprocessed_Data/test/cats/cat.2608.jpg,猫,狗,0.729636,0.270364,0.729636
/Users/shiquantao/Desktop/深度学习/猫狗分类器/数据/Preprocessed_Data/test/dogs/dog.1506.jpg,狗,猫,0.728720,0.728720,0.271280
/Users/shiquantao/Desktop/深度学习/猫狗分类器/数据/Preprocessed_Data/test/cats/cat.6696.jpg,猫,狗,0.728568,0.271432,0.728568
/Users/shiquantao/Desktop/深度学习/猫狗分类器/数据/Preprocessed_Data/test/dogs/dog.577.jpg,狗,猫,0.727832,0.727832,0.272168
/Users/shiquantao/Desktop/深度学习/猫狗分类器/数据/Preprocessed_Data/test/cats/cat.11914.jpg,猫,狗,0.727752,0.272248,0.727752
/Users/shiquantao/Desktop/深度学习/猫狗分类器/数据/Preprocessed_Data/test/cats/cat.12035.jpg,猫,狗,0.726924,0.273076,0.726924
/Users/shiquantao/Desktop/深度学习/猫狗分类器/数据/Preprocessed_Data/test/dogs/dog.339.jpg,狗,猫,0.726393,0.726393,0.273607
/Users/shiquantao/Desktop/深度学习/猫狗分类器/数据/Preprocessed_Data/test/dogs/dog.1980.jpg,狗,猫,0.724594,0.724594,0.275406
/Users/shiquantao/Desktop/深度学习/猫狗分类器/数据/Preprocessed_Data/test/cats/cat.3800.jpg,猫,狗,0.723924,0.276076,0.723924
/Users/shiquantao/Desktop/深度学习/猫狗分类器/数据/Preprocessed_Data/test/cats/cat.6350.jpg,猫,狗,0.723396,0.276604,0.723396
/Users/shiquantao/Desktop/深度学习/猫狗分类器/数据/Preprocessed_Data/test/cats/cat.6717.jpg,猫,狗,0.723218,0.276782,0.723218
/Users/shiquantao/Desktop/深度学习/猫狗分类器/数据/Preprocessed_Data/test/dogs/dog.3084.jpg,狗,猫,0.721892,0.721892,0.278108
/Users/shiquantao/Desktop/深度学习/猫狗分类器/数据/Preprocessed_Data/test/dogs/dog.3442.jpg,狗,猫,0.721764,0.721764,0.278236
/Users/shiquantao/Desktop/深度学习/猫狗分类器/数据/Preprocessed_Data/test/dogs/dog.11406.jpg,狗,猫,0.721712,0.721712,0.278288
/Users/shiquantao/Desktop/深度学习/猫狗分类器/数据/Preprocessed_Data/test/cats/cat.5469.jpg,猫,狗,0.721424,0.278576,0.721424
/Users/shiquantao/Desktop/深度学习/猫狗分类器/数据/Preprocessed_Data/test/dogs/dog.11335.jpg,狗,猫,0.720784,0.720784,0.279216
/Users/shiquantao/Desktop/深度学习/猫狗分类器/数据/Preprocessed_Data/test/dogs/dog.3769.jpg,狗,猫,0.719788,0.719788,0.280212
/Users/shiquantao/Desktop/深度学习/猫狗分类器/数据/Preprocessed_Data/test/cats/cat.8538.jpg,猫,狗,0.719124,0.280876,0.719124
/Users/shiquantao/Desktop/深度学习/猫狗分类器/数据/Preprocessed_Data/test/dogs/dog.5367.jpg,狗,猫,0.716933,0.716933,0.283067
/Users/shiquantao/Desktop/深度学习/猫狗分类器/数据/Preprocessed_Data/test/cats/cat.4992.jpg,猫,狗,0.716474,0.283526,0.716474
/Users/shiquantao/Desktop/深度学习/猫狗分类器/数据/Preprocessed_Data/test/dogs/dog.9559.jpg,狗,猫,0.716371,0.716371,0.283629
/Users/shiquantao/Desktop/深度学习/猫狗分类器/数据/Preprocessed_Data/test/dogs/dog.6527.jpg,狗,猫,0.716089,0.716089,0.283911
/Users/shiquantao/Desktop/深度学习/猫狗分类器/数据/Preprocessed_Data/test/dogs/dog.4345.jpg,狗,猫,0.715715,0.715715,0.284285
/Users/shiquantao/Desktop/深度学习/猫狗分类器/数据/Preprocessed_Data/test/cats/cat.9076.jpg,猫,狗,0.715473,0.284527,0.715473
/Users/shiquantao/Desktop/深度学习/猫狗分类器/数据/Preprocessed_Data/test/dogs/dog.8375.jpg,狗,猫,0.714826,0.714826,0.285174
/Users/shiquantao/Desktop/深度学习/猫狗分类器/数据/Preprocessed_Data/test/cats/cat.2571.jpg,猫,狗,0.714478,0.285522,0.714478
/Users/shiquantao/Desktop/深度学习/猫狗分类器/数据/Preprocessed_Data/test/dogs/dog.11188.jpg,狗,猫,0.713428,0.713428,0.286572
/Users/shiquantao/Desktop/深度学习/猫狗分类器/数据/Preprocessed_Data/test/dogs/dog.7271.jpg,狗,猫,0.713324,0.713324,0.286676
/Users/shiquantao/Desktop/深度学习/猫狗分类器/数据/Preprocessed_Data/test/dogs/dog.163.jpg,狗,猫,0.713281,0.713281,0.286719
/Users/shiquantao/Desktop/深度学习/猫狗分类器/数据/Preprocessed_Data/test/cats/cat.6890.jpg,猫,狗,0.711594,0.288406,0.711594
/Users/shiquantao/Desktop/深度学习/猫狗分类器/数据/Preprocessed_Data/test/cats/cat.3706.jpg,猫,狗,0.711534,0.288466,0.711534
/Users/shiquantao/Desktop/深度学习/猫狗分类器/数据/Preprocessed_Data/test/cats/cat.6375.jpg,猫,狗,0.711520,0.288480,0.711520
/Users/shiquantao/Desktop/深度学习/猫狗分类器/数据/Preprocessed_Data/test/dogs/dog.11792.jpg,狗,猫,0.711177,0.711177,0.288823
/Users/shiquantao/Desktop/深度学习/猫狗分类器/数据/Preprocessed_Data/test/cats/cat.8570.jpg,猫,狗,0.710107,0.289893,0.710107
/Users/shiquantao/Desktop/深度学习/猫狗分类器/数据/Preprocessed_Data/test/cats/cat.5365.jpg,猫,狗,0.710097,0.289904,0.710097
/Users/shiquantao/Desktop/深度学习/猫狗分类器/数据/Preprocessed_Data/test/dogs/dog.4464.jpg,狗,猫,0.708977,0.708977,0.291023
/Users/shiquantao/Desktop/深度学习/猫狗分类器/数据/Preprocessed_Data/test/cats/cat.1034.jpg,猫,狗,0.708451,0.291549,0.708451
/Users/shiquantao/Desktop/深度学习/猫狗分类器/数据/Preprocessed_Data/test/dogs/dog.12192.jpg,狗,猫,0.708198,0.708198,0.291802
/Users/shiquantao/Desktop/深度学习/猫狗分类器/数据/Preprocessed_Data/test/cats/cat.3436.jpg,猫,狗,0.707878,0.292122,0.707878
/Users/shiquantao/Desktop/深度学习/猫狗分类器/数据/Preprocessed_Data/test/dogs/dog.5271.jpg,狗,猫,0.706274,0.706274,0.293726
/Users/shiquantao/Desktop/深度学习/猫狗分类器/数据/Preprocessed_Data/test/dogs/dog.6689.jpg,狗,猫,0.705762,0.705762,0.294238
/Users/shiquantao/Desktop/深度学习/猫狗分类器/数据/Preprocessed_Data/test/dogs/dog.3028.jpg,狗,猫,0.705672,0.705672,0.294327
/Users/shiquantao/Desktop/深度学习/猫狗分类器/数据/Preprocessed_Data/test/dogs/dog.5122.jpg,狗,猫,0.705455,0.705455,0.294545
/Users/shiquantao/Desktop/深度学习/猫狗分类器/数据/Preprocessed_Data/test/cats/cat.5745.jpg,猫,狗,0.705278,0.294722,0.705278
/Users/shiquantao/Desktop/深度学习/猫狗分类器/数据/Preprocessed_Data/test/dogs/dog.9746.jpg,狗,猫,0.704905,0.704905,0.295095
/Users/shiquantao/Desktop/深度学习/猫狗分类器/数据/Preprocessed_Data/test/cats/cat.4173.jpg,猫,狗,0.704847,0.295153,0.704847
/Users/shiquantao/Desktop/深度学习/猫狗分类器/数据/Preprocessed_Data/test/cats/cat.8128.jpg,猫,狗,0.704781,0.295219,0.704781
/Users/shiquantao/Desktop/深度学习/猫狗分类器/数据/Preprocessed_Data/test/cats/cat.7086.jpg,猫,狗,0.704292,0.295708,0.704292
/Users/shiquantao/Desktop/深度学习/猫狗分类器/数据/Preprocessed_Data/test/cats/cat.10316.jpg,猫,狗,0.703438,0.296562,0.703438
/Users/shiquantao/Desktop/深度学习/猫狗分类器/数据/Preprocessed_Data/test/dogs/dog.6169.jpg,狗,猫,0.702891,0.702891,0.297109
/Users/shiquantao/Desktop/深度学习/猫狗分类器/数据/Preprocessed_Data/test/dogs/dog.7328.jpg,狗,猫,0.702258,0.702258,0.297742
/Users/shiquantao/Desktop/深度学习/猫狗分类器/数据/Preprocessed_Data/test/cats/cat.10576.jpg,猫,狗,0.701178,0.298822,0.701178
/Users/shiquantao/Desktop/深度学习/猫狗分类器/数据/Preprocessed_Data/test/cats/cat.10584.jpg,猫,狗,0.701055,0.298945,0.701055
/Users/shiquantao/Desktop/深度学习/猫狗分类器/数据/Preprocessed_Data/test/cats/cat.946.jpg,猫,狗,0.700932,0.299068,0.700932
/Users/shiquantao/Desktop/深度学习/猫狗分类器/数据/Preprocessed_Data/test/dogs/dog.4010.jpg,狗,猫,0.700545,0.700545,0.299455
/Users/shiquantao/Desktop/深度学习/猫狗分类器/数据/Preprocessed_Data/test/dogs/dog.2422.jpg,狗,猫,0.698808,0.698808,0.301192
/Users/shiquantao/Desktop/深度学习/猫狗分类器/数据/Preprocessed_Data/test/dogs/dog.8528.jpg,狗,猫,0.698696,0.698696,0.301304
/Users/shiquantao/Desktop/深度学习/猫狗分类器/数据/Preprocessed_Data/test/cats/cat.8580.jpg,猫,狗,0.697342,0.302658,0.697342
/Users/shiquantao/Desktop/深度学习/猫狗分类器/数据/Preprocessed_Data/test/cats/cat.7939.jpg,猫,狗,0.697312,0.302688,0.697312
/Users/shiquantao/Desktop/深度学习/猫狗分类器/数据/Preprocessed_Data/test/dogs/dog.11088.jpg,狗,猫,0.697192,0.697192,0.302808
/Users/shiquantao/Desktop/深度学习/猫狗分类器/数据/Preprocessed_Data/test/dogs/dog.4774.jpg,狗,猫,0.696982,0.696982,0.303018
/Users/shiquantao/Desktop/深度学习/猫狗分类器/数据/Preprocessed_Data/test/dogs/dog.10200.jpg,狗,猫,0.696783,0.696783,0.303217
/Users/shiquantao/Desktop/深度学习/猫狗分类器/数据/Preprocessed_Data/test/cats/cat.6215.jpg,猫,狗,0.696379,0.303621,0.696379
/Users/shiquantao/Desktop/深度学习/猫狗分类器/数据/Preprocessed_Data/test/dogs/dog.8494.jpg,狗,猫,0.696011,0.696011,0.303989
/Users/shiquantao/Desktop/深度学习/猫狗分类器/数据/Preprocessed_Data/test/dogs/dog.11660.jpg,狗,猫,0.695652,0.695652,0.304348
/Users/shiquantao/Desktop/深度学习/猫狗分类器/数据/Preprocessed_Data/test/dogs/dog.2887.jpg,狗,猫,0.695435,0.695435,0.304565
/Users/shiquantao/Desktop/深度学习/猫狗分类器/数据/Preprocessed_Data/test/cats/cat.1772.jpg,猫,狗,0.694802,0.305198,0.694802
/Users/shiquantao/Desktop/深度学习/猫狗分类器/数据/Preprocessed_Data/test/dogs/dog.3808.jpg,狗,猫,0.694335,0.694335,0.305665
/Users/shiquantao/Desktop/深度学习/猫狗分类器/数据/Preprocessed_Data/test/dogs/dog.8360.jpg,狗,猫,0.693246,0.693246,0.306754
/Users/shiquantao/Desktop/深度学习/猫狗分类器/数据/Preprocessed_Data/test/cats/cat.4066.jpg,猫,狗,0.692607,0.307393,0.692607
/Users/shiquantao/Desktop/深度学习/猫狗分类器/数据/Preprocessed_Data/test/cats/cat.1307.jpg,猫,狗,0.692358,0.307642,0.692358
/Users/shiquantao/Desktop/深度学习/猫狗分类器/数据/Preprocessed_Data/test/cats/cat.2026.jpg,猫,狗,0.692023,0.307977,0.692023
/Users/shiquantao/Desktop/深度学习/猫狗分类器/数据/Preprocessed_Data/test/cats/cat.1415.jpg,猫,狗,0.691480,0.308520,0.691480
/Users/shiquantao/Desktop/深度学习/猫狗分类器/数据/Preprocessed_Data/test/dogs/dog.11556.jpg,狗,猫,0.691098,0.691098,0.308902
/Users/shiquantao/Desktop/深度学习/猫狗分类器/数据/Preprocessed_Data/test/dogs/dog.9522.jpg,狗,猫,0.690961,0.690961,0.309039
/Users/shiquantao/Desktop/深度学习/猫狗分类器/数据/Preprocessed_Data/test/cats/cat.2285.jpg,猫,狗,0.689880,0.310120,0.689880
/Users/shiquantao/Desktop/深度学习/猫狗分类器/数据/Preprocessed_Data/test/cats/cat.2831.jpg,猫,狗,0.689298,0.310702,0.689298
/Users/shiquantao/Desktop/深度学习/猫狗分类器/数据/Preprocessed_Data/test/dogs/dog.11607.jpg,狗,猫,0.687652,0.687652,0.312348
/Users/shiquantao/Desktop/深度学习/猫狗分类器/数据/Preprocessed_Data/test/dogs/dog.9364.jpg,狗,猫,0.687059,0.687059,0.312941
/Users/shiquantao/Desktop/深度学习/猫狗分类器/数据/Preprocessed_Data/test/dogs/dog.4605.jpg,狗,猫,0.686588,0.686588,0.313412
/Users/shiquantao/Desktop/深度学习/猫狗分类器/数据/Preprocessed_Data/test/cats/cat.11148.jpg,猫,狗,0.685813,0.314187,0.685813
/Users/shiquantao/Desktop/深度学习/猫狗分类器/数据/Preprocessed_Data/test/cats/cat.11015.jpg,猫,狗,0.685618,0.314382,0.685618
/Users/shiquantao/Desktop/深度学习/猫狗分类器/数据/Preprocessed_Data/test/dogs/dog.3595.jpg,狗,猫,0.685571,0.685571,0.314429
/Users/shiquantao/Desktop/深度学习/猫狗分类器/数据/Preprocessed_Data/test/dogs/dog.9611.jpg,狗,猫,0.684583,0.684583,0.315417
/Users/shiquantao/Desktop/深度学习/猫狗分类器/数据/Preprocessed_Data/test/cats/cat.88.jpg,猫,狗,0.684514,0.315486,0.684514
/Users/shiquantao/Desktop/深度学习/猫狗分类器/数据/Preprocessed_Data/test/dogs/dog.9512.jpg,狗,猫,0.684116,0.684116,0.315884
/Users/shiquantao/Desktop/深度学习/猫狗分类器/数据/Preprocessed_Data/test/dogs/dog.8380.jpg,狗,猫,0.683977,0.683977,0.316023
/Users/shiquantao/Desktop/深度学习/猫狗分类器/数据/Preprocessed_Data/test/dogs/dog.5380.jpg,狗,猫,0.683923,0.683923,0.316077
/Users/shiquantao/Desktop/深度学习/猫狗分类器/数据/Preprocessed_Data/test/dogs/dog.10579.jpg,狗,猫,0.683814,0.683814,0.316186
/Users/shiquantao/Desktop/深度学习/猫狗分类器/数据/Preprocessed_Data/test/cats/cat.1838.jpg,猫,狗,0.683534,0.316466,0.683534
/Users/shiquantao/Desktop/深度学习/猫狗分类器/数据/Preprocessed_Data/test/dogs/dog.11903.jpg,狗,猫,0.682607,0.682607,0.317393
/Users/shiquantao/Desktop/深度学习/猫狗分类器/数据/Preprocessed_Data/test/cats/cat.3668.jpg,猫,狗,0.682316,0.317685,0.682316
/Users/shiquantao/Desktop/深度学习/猫狗分类器/数据/Preprocessed_Data/test/cats/cat.6487.jpg,猫,狗,0.682082,0.317918,0.682082
/Users/shiquantao/Desktop/深度学习/猫狗分类器/数据/Preprocessed_Data/test/cats/cat.5799.jpg,猫,狗,0.681600,0.318400,0.681600
/Users/shiquantao/Desktop/深度学习/猫狗分类器/数据/Preprocessed_Data/test/dogs/dog.1187.jpg,狗,猫,0.681483,0.681483,0.318517
/Users/shiquantao/Desktop/深度学习/猫狗分类器/数据/Preprocessed_Data/test/cats/cat.2709.jpg,猫,狗,0.681349,0.318651,0.681349
/Users/shiquantao/Desktop/深度学习/猫狗分类器/数据/Preprocessed_Data/test/dogs/dog.2819.jpg,狗,猫,0.681091,0.681091,0.318909
/Users/shiquantao/Desktop/深度学习/猫狗分类器/数据/Preprocessed_Data/test/cats/cat.3721.jpg,猫,狗,0.680566,0.319434,0.680566
/Users/shiquantao/Desktop/深度学习/猫狗分类器/数据/Preprocessed_Data/test/dogs/dog.7263.jpg,狗,猫,0.680008,0.680008,0.319992
/Users/shiquantao/Desktop/深度学习/猫狗分类器/数据/Preprocessed_Data/test/cats/cat.6408.jpg,猫,狗,0.679140,0.320860,0.679140
/Users/shiquantao/Desktop/深度学习/猫狗分类器/数据/Preprocessed_Data/test/cats/cat.11898.jpg,猫,狗,0.679073,0.320927,0.679073
/Users/shiquantao/Desktop/深度学习/猫狗分类器/数据/Preprocessed_Data/test/dogs/dog.8073.jpg,狗,猫,0.678459,0.678459,0.321541
/Users/shiquantao/Desktop/深度学习/猫狗分类器/数据/Preprocessed_Data/test/dogs/dog.5998.jpg,狗,猫,0.678324,0.678324,0.321676
/Users/shiquantao/Desktop/深度学习/猫狗分类器/数据/Preprocessed_Data/test/dogs/dog.2916.jpg,狗,猫,0.677806,0.677806,0.322194
/Users/shiquantao/Desktop/深度学习/猫狗分类器/数据/Preprocessed_Data/test/dogs/dog.9915.jpg,狗,猫,0.677270,0.677270,0.322730
/Users/shiquantao/Desktop/深度学习/猫狗分类器/数据/Preprocessed_Data/test/cats/cat.5768.jpg,猫,狗,0.676898,0.323102,0.676898
/Users/shiquantao/Desktop/深度学习/猫狗分类器/数据/Preprocessed_Data/test/dogs/dog.8999.jpg,狗,猫,0.676279,0.676279,0.323721
/Users/shiquantao/Desktop/深度学习/猫狗分类器/数据/Preprocessed_Data/test/cats/cat.1870.jpg,猫,狗,0.676193,0.323807,0.676193
/Users/shiquantao/Desktop/深度学习/猫狗分类器/数据/Preprocessed_Data/test/cats/cat.1674.jpg,猫,狗,0.675173,0.324827,0.675173
/Users/shiquantao/Desktop/深度学习/猫狗分类器/数据/Preprocessed_Data/test/dogs/dog.8739.jpg,狗,猫,0.675033,0.675033,0.324967
/Users/shiquantao/Desktop/深度学习/猫狗分类器/数据/Preprocessed_Data/test/dogs/dog.564.jpg,狗,猫,0.674262,0.674262,0.325738
/Users/shiquantao/Desktop/深度学习/猫狗分类器/数据/Preprocessed_Data/test/cats/cat.7309.jpg,猫,狗,0.673306,0.326694,0.673306
/Users/shiquantao/Desktop/深度学习/猫狗分类器/数据/Preprocessed_Data/test/cats/cat.690.jpg,猫,狗,0.671728,0.328272,0.671728
/Users/shiquantao/Desktop/深度学习/猫狗分类器/数据/Preprocessed_Data/test/cats/cat.11946.jpg,猫,狗,0.671683,0.328317,0.671683
/Users/shiquantao/Desktop/深度学习/猫狗分类器/数据/Preprocessed_Data/test/cats/cat.3599.jpg,猫,狗,0.669226,0.330774,0.669226
/Users/shiquantao/Desktop/深度学习/猫狗分类器/数据/Preprocessed_Data/test/dogs/dog.4202.jpg,狗,猫,0.669222,0.669222,0.330778
/Users/shiquantao/Desktop/深度学习/猫狗分类器/数据/Preprocessed_Data/test/dogs/dog.10946.jpg,狗,猫,0.666234,0.666234,0.333766
/Users/shiquantao/Desktop/深度学习/猫狗分类器/数据/Preprocessed_Data/test/cats/cat.8249.jpg,猫,狗,0.665589,0.334411,0.665589
/Users/shiquantao/Desktop/深度学习/猫狗分类器/数据/Preprocessed_Data/test/cats/cat.6898.jpg,猫,狗,0.665453,0.334547,0.665453
/Users/shiquantao/Desktop/深度学习/猫狗分类器/数据/Preprocessed_Data/test/cats/cat.4597.jpg,猫,狗,0.665340,0.334660,0.665340
/Users/shiquantao/Desktop/深度学习/猫狗分类器/数据/Preprocessed_Data/test/cats/cat.960.jpg,猫,狗,0.665206,0.334794,0.665206
/Users/shiquantao/Desktop/深度学习/猫狗分类器/数据/Preprocessed_Data/test/dogs/dog.11636.jpg,狗,猫,0.664969,0.664969,0.335031
/Users/shiquantao/Desktop/深度学习/猫狗分类器/数据/Preprocessed_Data/test/cats/cat.3781.jpg,猫,狗,0.664961,0.335039,0.664961
/Users/shiquantao/Desktop/深度学习/猫狗分类器/数据/Preprocessed_Data/test/cats/cat.3470.jpg,猫,狗,0.664547,0.335453,0.664547
/Users/shiquantao/Desktop/深度学习/猫狗分类器/数据/Preprocessed_Data/test/cats/cat.7116.jpg,猫,狗,0.664547,0.335453,0.664547
/Users/shiquantao/Desktop/深度学习/猫狗分类器/数据/Preprocessed_Data/test/cats/cat.2282.jpg,猫,狗,0.664285,0.335715,0.664285
/Users/shiquantao/Desktop/深度学习/猫狗分类器/数据/Preprocessed_Data/test/cats/cat.7512.jpg,猫,狗,0.664153,0.335847,0.664153
/Users/shiquantao/Desktop/深度学习/猫狗分类器/数据/Preprocessed_Data/test/dogs/dog.2651.jpg,狗,猫,0.663734,0.663734,0.336266
/Users/shiquantao/Desktop/深度学习/猫狗分类器/数据/Preprocessed_Data/test/dogs/dog.5740.jpg,狗,猫,0.663623,0.663623,0.336377
/Users/shiquantao/Desktop/深度学习/猫狗分类器/数据/Preprocessed_Data/test/dogs/dog.4688.jpg,狗,猫,0.663442,0.663442,0.336558
/Users/shiquantao/Desktop/深度学习/猫狗分类器/数据/Preprocessed_Data/test/dogs/dog.7091.jpg,狗,猫,0.663191,0.663191,0.336809
/Users/shiquantao/Desktop/深度学习/猫狗分类器/数据/Preprocessed_Data/test/dogs/dog.5904.jpg,狗,猫,0.663189,0.663189,0.336811
/Users/shiquantao/Desktop/深度学习/猫狗分类器/数据/Preprocessed_Data/test/cats/cat.7320.jpg,猫,狗,0.660929,0.339071,0.660929
/Users/shiquantao/Desktop/深度学习/猫狗分类器/数据/Preprocessed_Data/test/cats/cat.2152.jpg,猫,狗,0.660190,0.339810,0.660190
/Users/shiquantao/Desktop/深度学习/猫狗分类器/数据/Preprocessed_Data/test/dogs/dog.4903.jpg,狗,猫,0.660071,0.660071,0.339929
/Users/shiquantao/Desktop/深度学习/猫狗分类器/数据/Preprocessed_Data/test/dogs/dog.676.jpg,狗,猫,0.659920,0.659920,0.340080
/Users/shiquantao/Desktop/深度学习/猫狗分类器/数据/Preprocessed_Data/test/dogs/dog.4703.jpg,狗,猫,0.659872,0.659872,0.340128
/Users/shiquantao/Desktop/深度学习/猫狗分类器/数据/Preprocessed_Data/test/dogs/dog.5393.jpg,狗,猫,0.659442,0.659442,0.340558
/Users/shiquantao/Desktop/深度学习/猫狗分类器/数据/Preprocessed_Data/test/cats/cat.3439.jpg,猫,狗,0.658745,0.341255,0.658745
/Users/shiquantao/Desktop/深度学习/猫狗分类器/数据/Preprocessed_Data/test/cats/cat.11683.jpg,猫,狗,0.658661,0.341340,0.658661
/Users/shiquantao/Desktop/深度学习/猫狗分类器/数据/Preprocessed_Data/test/cats/cat.4717.jpg,猫,狗,0.657791,0.342209,0.657791
/Users/shiquantao/Desktop/深度学习/猫狗分类器/数据/Preprocessed_Data/test/cats/cat.12378.jpg,猫,狗,0.657448,0.342552,0.657448
/Users/shiquantao/Desktop/深度学习/猫狗分类器/数据/Preprocessed_Data/test/cats/cat.6358.jpg,猫,狗,0.657292,0.342708,0.657292
/Users/shiquantao/Desktop/深度学习/猫狗分类器/数据/Preprocessed_Data/test/dogs/dog.5397.jpg,狗,猫,0.656260,0.656260,0.343739
/Users/shiquantao/Desktop/深度学习/猫狗分类器/数据/Preprocessed_Data/test/cats/cat.7326.jpg,猫,狗,0.655096,0.344904,0.655096
/Users/shiquantao/Desktop/深度学习/猫狗分类器/数据/Preprocessed_Data/test/dogs/dog.4956.jpg,狗,猫,0.654706,0.654706,0.345294
/Users/shiquantao/Desktop/深度学习/猫狗分类器/数据/Preprocessed_Data/test/dogs/dog.187.jpg,狗,猫,0.654426,0.654426,0.345574
/Users/shiquantao/Desktop/深度学习/猫狗分类器/数据/Preprocessed_Data/test/dogs/dog.2713.jpg,狗,猫,0.654292,0.654292,0.345708
/Users/shiquantao/Desktop/深度学习/猫狗分类器/数据/Preprocessed_Data/test/dogs/dog.6287.jpg,狗,猫,0.653657,0.653657,0.346343
/Users/shiquantao/Desktop/深度学习/猫狗分类器/数据/Preprocessed_Data/test/cats/cat.3015.jpg,猫,狗,0.653377,0.346623,0.653377
/Users/shiquantao/Desktop/深度学习/猫狗分类器/数据/Preprocessed_Data/test/dogs/dog.11304.jpg,狗,猫,0.652984,0.652984,0.347016
/Users/shiquantao/Desktop/深度学习/猫狗分类器/数据/Preprocessed_Data/test/dogs/dog.12355.jpg,狗,猫,0.652951,0.652951,0.347049
/Users/shiquantao/Desktop/深度学习/猫狗分类器/数据/Preprocessed_Data/test/cats/cat.3622.jpg,猫,狗,0.652951,0.347049,0.652951
/Users/shiquantao/Desktop/深度学习/猫狗分类器/数据/Preprocessed_Data/test/dogs/dog.8324.jpg,狗,猫,0.652435,0.652435,0.347565
/Users/shiquantao/Desktop/深度学习/猫狗分类器/数据/Preprocessed_Data/test/dogs/dog.824.jpg,狗,猫,0.652271,0.652271,0.347729
/Users/shiquantao/Desktop/深度学习/猫狗分类器/数据/Preprocessed_Data/test/cats/cat.4684.jpg,猫,狗,0.651805,0.348195,0.651805
/Users/shiquantao/Desktop/深度学习/猫狗分类器/数据/Preprocessed_Data/test/dogs/dog.7070.jpg,狗,猫,0.651765,0.651765,0.348235
/Users/shiquantao/Desktop/深度学习/猫狗分类器/数据/Preprocessed_Data/test/cats/cat.12252.jpg,猫,狗,0.650994,0.349006,0.650994
/Users/shiquantao/Desktop/深度学习/猫狗分类器/数据/Preprocessed_Data/test/dogs/dog.5130.jpg,狗,猫,0.648858,0.648858,0.351142
/Users/shiquantao/Desktop/深度学习/猫狗分类器/数据/Preprocessed_Data/test/cats/cat.9557.jpg,猫,狗,0.648723,0.351277,0.648723
/Users/shiquantao/Desktop/深度学习/猫狗分类器/数据/Preprocessed_Data/test/dogs/dog.8597.jpg,狗,猫,0.648563,0.648563,0.351437
/Users/shiquantao/Desktop/深度学习/猫狗分类器/数据/Preprocessed_Data/test/cats/cat.9178.jpg,猫,狗,0.648426,0.351574,0.648426
/Users/shiquantao/Desktop/深度学习/猫狗分类器/数据/Preprocessed_Data/test/dogs/dog.10839.jpg,狗,猫,0.647883,0.647883,0.352117
/Users/shiquantao/Desktop/深度学习/猫狗分类器/数据/Preprocessed_Data/test/cats/cat.10597.jpg,猫,狗,0.647469,0.352531,0.647469
/Users/shiquantao/Desktop/深度学习/猫狗分类器/数据/Preprocessed_Data/test/dogs/dog.11102.jpg,狗,猫,0.647223,0.647223,0.352777
/Users/shiquantao/Desktop/深度学习/猫狗分类器/数据/Preprocessed_Data/test/dogs/dog.11822.jpg,狗,猫,0.646367,0.646367,0.353633
/Users/shiquantao/Desktop/深度学习/猫狗分类器/数据/Preprocessed_Data/test/cats/cat.9115.jpg,猫,狗,0.646214,0.353785,0.646214
/Users/shiquantao/Desktop/深度学习/猫狗分类器/数据/Preprocessed_Data/test/dogs/dog.10044.jpg,狗,猫,0.645688,0.645688,0.354312
/Users/shiquantao/Desktop/深度学习/猫狗分类器/数据/Preprocessed_Data/test/cats/cat.11108.jpg,猫,狗,0.645644,0.354356,0.645644
/Users/shiquantao/Desktop/深度学习/猫狗分类器/数据/Preprocessed_Data/test/dogs/dog.8347.jpg,狗,猫,0.644388,0.644388,0.355612
/Users/shiquantao/Desktop/深度学习/猫狗分类器/数据/Preprocessed_Data/test/cats/cat.2970.jpg,猫,狗,0.643960,0.356040,0.643960
/Users/shiquantao/Desktop/深度学习/猫狗分类器/数据/Preprocessed_Data/test/dogs/dog.1254.jpg,狗,猫,0.643904,0.643904,0.356096
/Users/shiquantao/Desktop/深度学习/猫狗分类器/数据/Preprocessed_Data/test/dogs/dog.6114.jpg,狗,猫,0.643822,0.643822,0.356178
/Users/shiquantao/Desktop/深度学习/猫狗分类器/数据/Preprocessed_Data/test/cats/cat.1593.jpg,猫,狗,0.643665,0.356335,0.643665
/Users/shiquantao/Desktop/深度学习/猫狗分类器/数据/Preprocessed_Data/test/cats/cat.2938.jpg,猫,狗,0.643544,0.356456,0.643544
/Users/shiquantao/Desktop/深度学习/猫狗分类器/数据/Preprocessed_Data/test/cats/cat.4459.jpg,猫,狗,0.643333,0.356667,0.643333
/Users/shiquantao/Desktop/深度学习/猫狗分类器/数据/Preprocessed_Data/test/dogs/dog.11581.jpg,狗,猫,0.642912,0.642912,0.357088
/Users/shiquantao/Desktop/深度学习/猫狗分类器/数据/Preprocessed_Data/test/dogs/dog.9931.jpg,狗,猫,0.642752,0.642752,0.357248
/Users/shiquantao/Desktop/深度学习/猫狗分类器/数据/Preprocessed_Data/test/dogs/dog.3601.jpg,狗,猫,0.642655,0.642655,0.357345
/Users/shiquantao/Desktop/深度学习/猫狗分类器/数据/Preprocessed_Data/test/cats/cat.4234.jpg,猫,狗,0.642546,0.357454,0.642546
/Users/shiquantao/Desktop/深度学习/猫狗分类器/数据/Preprocessed_Data/test/cats/cat.2634.jpg,猫,狗,0.642334,0.357666,0.642334
/Users/shiquantao/Desktop/深度学习/猫狗分类器/数据/Preprocessed_Data/test/cats/cat.75.jpg,猫,狗,0.642228,0.357772,0.642228
/Users/shiquantao/Desktop/深度学习/猫狗分类器/数据/Preprocessed_Data/test/dogs/dog.9239.jpg,狗,猫,0.642077,0.642077,0.357923
/Users/shiquantao/Desktop/深度学习/猫狗分类器/数据/Preprocessed_Data/test/cats/cat.647.jpg,猫,狗,0.641006,0.358994,0.641006
/Users/shiquantao/Desktop/深度学习/猫狗分类器/数据/Preprocessed_Data/test/dogs/dog.6702.jpg,狗,猫,0.639635,0.639635,0.360365
/Users/shiquantao/Desktop/深度学习/猫狗分类器/数据/Preprocessed_Data/test/dogs/dog.2217.jpg,狗,猫,0.639422,0.639422,0.360578
/Users/shiquantao/Desktop/深度学习/猫狗分类器/数据/Preprocessed_Data/test/dogs/dog.8388.jpg,狗,猫,0.637580,0.637580,0.362420
/Users/shiquantao/Desktop/深度学习/猫狗分类器/数据/Preprocessed_Data/test/cats/cat.3816.jpg,猫,狗,0.637330,0.362671,0.637330
/Users/shiquantao/Desktop/深度学习/猫狗分类器/数据/Preprocessed_Data/test/dogs/dog.6278.jpg,狗,猫,0.636696,0.636696,0.363304
/Users/shiquantao/Desktop/深度学习/猫狗分类器/数据/Preprocessed_Data/test/cats/cat.11073.jpg,猫,狗,0.636213,0.363787,0.636213
/Users/shiquantao/Desktop/深度学习/猫狗分类器/数据/Preprocessed_Data/test/dogs/dog.2051.jpg,狗,猫,0.636112,0.636112,0.363888
/Users/shiquantao/Desktop/深度学习/猫狗分类器/数据/Preprocessed_Data/test/dogs/dog.4222.jpg,狗,猫,0.636019,0.636019,0.363981
/Users/shiquantao/Desktop/深度学习/猫狗分类器/数据/Preprocessed_Data/test/dogs/dog.9615.jpg,狗,猫,0.635732,0.635732,0.364268
/Users/shiquantao/Desktop/深度学习/猫狗分类器/数据/Preprocessed_Data/test/cats/cat.2533.jpg,猫,狗,0.635343,0.364657,0.635343
/Users/shiquantao/Desktop/深度学习/猫狗分类器/数据/Preprocessed_Data/test/dogs/dog.9322.jpg,狗,猫,0.635055,0.635055,0.364945
/Users/shiquantao/Desktop/深度学习/猫狗分类器/数据/Preprocessed_Data/test/dogs/dog.9035.jpg,狗,猫,0.633513,0.633513,0.366487
/Users/shiquantao/Desktop/深度学习/猫狗分类器/数据/Preprocessed_Data/test/dogs/dog.11861.jpg,狗,猫,0.632992,0.632992,0.367008
/Users/shiquantao/Desktop/深度学习/猫狗分类器/数据/Preprocessed_Data/test/dogs/dog.8741.jpg,狗,猫,0.632756,0.632756,0.367244
/Users/shiquantao/Desktop/深度学习/猫狗分类器/数据/Preprocessed_Data/test/cats/cat.2966.jpg,猫,狗,0.632750,0.367250,0.632750
/Users/shiquantao/Desktop/深度学习/猫狗分类器/数据/Preprocessed_Data/test/dogs/dog.9598.jpg,狗,猫,0.632351,0.632351,0.367649
/Users/shiquantao/Desktop/深度学习/猫狗分类器/数据/Preprocessed_Data/test/cats/cat.1134.jpg,猫,狗,0.632259,0.367741,0.632259
/Users/shiquantao/Desktop/深度学习/猫狗分类器/数据/Preprocessed_Data/test/dogs/dog.1341.jpg,狗,猫,0.631864,0.631864,0.368136
/Users/shiquantao/Desktop/深度学习/猫狗分类器/数据/Preprocessed_Data/test/cats/cat.6740.jpg,猫,狗,0.631514,0.368486,0.631514
/Users/shiquantao/Desktop/深度学习/猫狗分类器/数据/Preprocessed_Data/test/cats/cat.7145.jpg,猫,狗,0.631424,0.368576,0.631424
/Users/shiquantao/Desktop/深度学习/猫狗分类器/数据/Preprocessed_Data/test/dogs/dog.12326.jpg,狗,猫,0.631104,0.631104,0.368896
/Users/shiquantao/Desktop/深度学习/猫狗分类器/数据/Preprocessed_Data/test/dogs/dog.9690.jpg,狗,猫,0.629796,0.629796,0.370204
/Users/shiquantao/Desktop/深度学习/猫狗分类器/数据/Preprocessed_Data/test/dogs/dog.8099.jpg,狗,猫,0.629455,0.629455,0.370545
/Users/shiquantao/Desktop/深度学习/猫狗分类器/数据/Preprocessed_Data/test/cats/cat.454.jpg,猫,狗,0.629432,0.370568,0.629432
/Users/shiquantao/Desktop/深度学习/猫狗分类器/数据/Preprocessed_Data/test/dogs/dog.10929.jpg,狗,猫,0.628917,0.628917,0.371083
/Users/shiquantao/Desktop/深度学习/猫狗分类器/数据/Preprocessed_Data/test/dogs/dog.10132.jpg,狗,猫,0.628902,0.628902,0.371098
/Users/shiquantao/Desktop/深度学习/猫狗分类器/数据/Preprocessed_Data/test/cats/cat.6480.jpg,猫,狗,0.628877,0.371123,0.628877
/Users/shiquantao/Desktop/深度学习/猫狗分类器/数据/Preprocessed_Data/test/cats/cat.11318.jpg,猫,狗,0.628713,0.371287,0.628713
/Users/shiquantao/Desktop/深度学习/猫狗分类器/数据/Preprocessed_Data/test/dogs/dog.1827.jpg,狗,猫,0.627404,0.627404,0.372596
/Users/shiquantao/Desktop/深度学习/猫狗分类器/数据/Preprocessed_Data/test/dogs/dog.12060.jpg,狗,猫,0.627403,0.627403,0.372597
/Users/shiquantao/Desktop/深度学习/猫狗分类器/数据/Preprocessed_Data/test/cats/cat.1488.jpg,猫,狗,0.627237,0.372763,0.627237
/Users/shiquantao/Desktop/深度学习/猫狗分类器/数据/Preprocessed_Data/test/dogs/dog.9528.jpg,狗,猫,0.627229,0.627229,0.372771
/Users/shiquantao/Desktop/深度学习/猫狗分类器/数据/Preprocessed_Data/test/dogs/dog.3361.jpg,狗,猫,0.627038,0.627038,0.372962
/Users/shiquantao/Desktop/深度学习/猫狗分类器/数据/Preprocessed_Data/test/dogs/dog.9930.jpg,狗,猫,0.626736,0.626736,0.373264
/Users/shiquantao/Desktop/深度学习/猫狗分类器/数据/Preprocessed_Data/test/cats/cat.390.jpg,猫,狗,0.626247,0.373753,0.626247
/Users/shiquantao/Desktop/深度学习/猫狗分类器/数据/Preprocessed_Data/test/dogs/dog.5104.jpg,狗,猫,0.626122,0.626122,0.373878
/Users/shiquantao/Desktop/深度学习/猫狗分类器/数据/Preprocessed_Data/test/cats/cat.4510.jpg,猫,狗,0.625912,0.374088,0.625912
/Users/shiquantao/Desktop/深度学习/猫狗分类器/数据/Preprocessed_Data/test/cats/cat.10030.jpg,猫,狗,0.625798,0.374202,0.625798
/Users/shiquantao/Desktop/深度学习/猫狗分类器/数据/Preprocessed_Data/test/cats/cat.10290.jpg,猫,狗,0.625331,0.374669,0.625331
/Users/shiquantao/Desktop/深度学习/猫狗分类器/数据/Preprocessed_Data/test/dogs/dog.10152.jpg,狗,猫,0.624344,0.624344,0.375656
/Users/shiquantao/Desktop/深度学习/猫狗分类器/数据/Preprocessed_Data/test/cats/cat.10207.jpg,猫,狗,0.624190,0.375810,0.624190
/Users/shiquantao/Desktop/深度学习/猫狗分类器/数据/Preprocessed_Data/test/cats/cat.4047.jpg,猫,狗,0.623964,0.376036,0.623964
/Users/shiquantao/Desktop/深度学习/猫狗分类器/数据/Preprocessed_Data/test/cats/cat.6846.jpg,猫,狗,0.623681,0.376319,0.623681
/Users/shiquantao/Desktop/深度学习/猫狗分类器/数据/Preprocessed_Data/test/dogs/dog.1443.jpg,狗,猫,0.623576,0.623576,0.376424
/Users/shiquantao/Desktop/深度学习/猫狗分类器/数据/Preprocessed_Data/test/cats/cat.7289.jpg,猫,狗,0.623061,0.376939,0.623061
/Users/shiquantao/Desktop/深度学习/猫狗分类器/数据/Preprocessed_Data/test/cats/cat.12255.jpg,猫,狗,0.622208,0.377792,0.622208
/Users/shiquantao/Desktop/深度学习/猫狗分类器/数据/Preprocessed_Data/test/dogs/dog.10499.jpg,狗,猫,0.622183,0.622183,0.377817
/Users/shiquantao/Desktop/深度学习/猫狗分类器/数据/Preprocessed_Data/test/dogs/dog.9268.jpg,狗,猫,0.621938,0.621938,0.378062
/Users/shiquantao/Desktop/深度学习/猫狗分类器/数据/Preprocessed_Data/test/cats/cat.5596.jpg,猫,狗,0.621932,0.378068,0.621932
/Users/shiquantao/Desktop/深度学习/猫狗分类器/数据/Preprocessed_Data/test/cats/cat.10261.jpg,猫,狗,0.618926,0.381075,0.618926
/Users/shiquantao/Desktop/深度学习/猫狗分类器/数据/Preprocessed_Data/test/cats/cat.5964.jpg,猫,狗,0.618741,0.381259,0.618741
/Users/shiquantao/Desktop/深度学习/猫狗分类器/数据/Preprocessed_Data/test/cats/cat.796.jpg,猫,狗,0.618133,0.381867,0.618133
/Users/shiquantao/Desktop/深度学习/猫狗分类器/数据/Preprocessed_Data/test/dogs/dog.1151.jpg,狗,猫,0.617945,0.617945,0.382055
/Users/shiquantao/Desktop/深度学习/猫狗分类器/数据/Preprocessed_Data/test/cats/cat.5245.jpg,猫,狗,0.617410,0.382590,0.617410
/Users/shiquantao/Desktop/深度学习/猫狗分类器/数据/Preprocessed_Data/test/cats/cat.9553.jpg,猫,狗,0.617266,0.382734,0.617266
/Users/shiquantao/Desktop/深度学习/猫狗分类器/数据/Preprocessed_Data/test/dogs/dog.1032.jpg,狗,猫,0.616718,0.616718,0.383282
/Users/shiquantao/Desktop/深度学习/猫狗分类器/数据/Preprocessed_Data/test/cats/cat.751.jpg,猫,狗,0.616539,0.383461,0.616539
/Users/shiquantao/Desktop/深度学习/猫狗分类器/数据/Preprocessed_Data/test/dogs/dog.5755.jpg,狗,猫,0.616251,0.616251,0.383749
/Users/shiquantao/Desktop/深度学习/猫狗分类器/数据/Preprocessed_Data/test/dogs/dog.412.jpg,狗,猫,0.615454,0.615454,0.384546
/Users/shiquantao/Desktop/深度学习/猫狗分类器/数据/Preprocessed_Data/test/cats/cat.11860.jpg,猫,狗,0.615109,0.384891,0.615109
/Users/shiquantao/Desktop/深度学习/猫狗分类器/数据/Preprocessed_Data/test/cats/cat.10886.jpg,猫,狗,0.614781,0.385219,0.614781
/Users/shiquantao/Desktop/深度学习/猫狗分类器/数据/Preprocessed_Data/test/dogs/dog.3005.jpg,狗,猫,0.614070,0.614070,0.385930
/Users/shiquantao/Desktop/深度学习/猫狗分类器/数据/Preprocessed_Data/test/cats/cat.4696.jpg,猫,狗,0.612939,0.387061,0.612939
/Users/shiquantao/Desktop/深度学习/猫狗分类器/数据/Preprocessed_Data/test/dogs/dog.11215.jpg,狗,猫,0.612305,0.612305,0.387695
/Users/shiquantao/Desktop/深度学习/猫狗分类器/数据/Preprocessed_Data/test/cats/cat.11581.jpg,猫,狗,0.612048,0.387952,0.612048
/Users/shiquantao/Desktop/深度学习/猫狗分类器/数据/Preprocessed_Data/test/dogs/dog.2464.jpg,狗,猫,0.611570,0.611570,0.388430
/Users/shiquantao/Desktop/深度学习/猫狗分类器/数据/Preprocessed_Data/test/cats/cat.3078.jpg,猫,狗,0.611527,0.388473,0.611527
/Users/shiquantao/Desktop/深度学习/猫狗分类器/数据/Preprocessed_Data/test/dogs/dog.5941.jpg,狗,猫,0.611488,0.611488,0.388512
/Users/shiquantao/Desktop/深度学习/猫狗分类器/数据/Preprocessed_Data/test/cats/cat.3957.jpg,猫,狗,0.611220,0.388780,0.611220
/Users/shiquantao/Desktop/深度学习/猫狗分类器/数据/Preprocessed_Data/test/dogs/dog.8459.jpg,狗,猫,0.610723,0.610723,0.389277
/Users/shiquantao/Desktop/深度学习/猫狗分类器/数据/Preprocessed_Data/test/dogs/dog.8681.jpg,狗,猫,0.610255,0.610255,0.389745
/Users/shiquantao/Desktop/深度学习/猫狗分类器/数据/Preprocessed_Data/test/cats/cat.334.jpg,猫,狗,0.610170,0.389830,0.610170
/Users/shiquantao/Desktop/深度学习/猫狗分类器/数据/Preprocessed_Data/test/cats/cat.2671.jpg,猫,狗,0.609629,0.390371,0.609629
/Users/shiquantao/Desktop/深度学习/猫狗分类器/数据/Preprocessed_Data/test/dogs/dog.6241.jpg,狗,猫,0.609453,0.609453,0.390547
/Users/shiquantao/Desktop/深度学习/猫狗分类器/数据/Preprocessed_Data/test/dogs/dog.3150.jpg,狗,猫,0.609100,0.609100,0.390900
/Users/shiquantao/Desktop/深度学习/猫狗分类器/数据/Preprocessed_Data/test/cats/cat.1901.jpg,猫,狗,0.608464,0.391536,0.608464
/Users/shiquantao/Desktop/深度学习/猫狗分类器/数据/Preprocessed_Data/test/cats/cat.11782.jpg,猫,狗,0.608302,0.391698,0.608302
/Users/shiquantao/Desktop/深度学习/猫狗分类器/数据/Preprocessed_Data/test/cats/cat.4221.jpg,猫,狗,0.607852,0.392148,0.607852
/Users/shiquantao/Desktop/深度学习/猫狗分类器/数据/Preprocessed_Data/test/cats/cat.6618.jpg,猫,狗,0.607837,0.392163,0.607837
/Users/shiquantao/Desktop/深度学习/猫狗分类器/数据/Preprocessed_Data/test/dogs/dog.5447.jpg,狗,猫,0.607274,0.607274,0.392725
/Users/shiquantao/Desktop/深度学习/猫狗分类器/数据/Preprocessed_Data/test/dogs/dog.7063.jpg,狗,猫,0.607013,0.607013,0.392987
/Users/shiquantao/Desktop/深度学习/猫狗分类器/数据/Preprocessed_Data/test/dogs/dog.2456.jpg,狗,猫,0.606476,0.606476,0.393524
/Users/shiquantao/Desktop/深度学习/猫狗分类器/数据/Preprocessed_Data/test/dogs/dog.11950.jpg,狗,猫,0.606324,0.606324,0.393676
/Users/shiquantao/Desktop/深度学习/猫狗分类器/数据/Preprocessed_Data/test/dogs/dog.10738.jpg,狗,猫,0.605937,0.605937,0.394063
/Users/shiquantao/Desktop/深度学习/猫狗分类器/数据/Preprocessed_Data/test/dogs/dog.8595.jpg,狗,猫,0.605675,0.605675,0.394325
/Users/shiquantao/Desktop/深度学习/猫狗分类器/数据/Preprocessed_Data/test/cats/cat.6073.jpg,猫,狗,0.605368,0.394632,0.605368
/Users/shiquantao/Desktop/深度学习/猫狗分类器/数据/Preprocessed_Data/test/cats/cat.6027.jpg,猫,狗,0.604859,0.395141,0.604859
/Users/shiquantao/Desktop/深度学习/猫狗分类器/数据/Preprocessed_Data/test/cats/cat.5847.jpg,猫,狗,0.604030,0.395970,0.604030
/Users/shiquantao/Desktop/深度学习/猫狗分类器/数据/Preprocessed_Data/test/dogs/dog.9535.jpg,狗,猫,0.603984,0.603984,0.396016
/Users/shiquantao/Desktop/深度学习/猫狗分类器/数据/Preprocessed_Data/test/cats/cat.7633.jpg,猫,狗,0.603972,0.396028,0.603972
/Users/shiquantao/Desktop/深度学习/猫狗分类器/数据/Preprocessed_Data/test/dogs/dog.6604.jpg,狗,猫,0.603812,0.603812,0.396188
/Users/shiquantao/Desktop/深度学习/猫狗分类器/数据/Preprocessed_Data/test/dogs/dog.3243.jpg,狗,猫,0.603643,0.603643,0.396357
/Users/shiquantao/Desktop/深度学习/猫狗分类器/数据/Preprocessed_Data/test/cats/cat.2429.jpg,猫,狗,0.603641,0.396359,0.603641
/Users/shiquantao/Desktop/深度学习/猫狗分类器/数据/Preprocessed_Data/test/cats/cat.12219.jpg,猫,狗,0.603634,0.396366,0.603634
/Users/shiquantao/Desktop/深度学习/猫狗分类器/数据/Preprocessed_Data/test/dogs/dog.471.jpg,狗,猫,0.603456,0.603456,0.396544
/Users/shiquantao/Desktop/深度学习/猫狗分类器/数据/Preprocessed_Data/test/dogs/dog.1674.jpg,狗,猫,0.603057,0.603057,0.396943
/Users/shiquantao/Desktop/深度学习/猫狗分类器/数据/Preprocessed_Data/test/cats/cat.9943.jpg,猫,狗,0.602871,0.397129,0.602871
/Users/shiquantao/Desktop/深度学习/猫狗分类器/数据/Preprocessed_Data/test/cats/cat.5595.jpg,猫,狗,0.602102,0.397898,0.602102
/Users/shiquantao/Desktop/深度学习/猫狗分类器/数据/Preprocessed_Data/test/dogs/dog.11709.jpg,狗,猫,0.601729,0.601729,0.398271
/Users/shiquantao/Desktop/深度学习/猫狗分类器/数据/Preprocessed_Data/test/dogs/dog.2433.jpg,狗,猫,0.601453,0.601453,0.398547
/Users/shiquantao/Desktop/深度学习/猫狗分类器/数据/Preprocessed_Data/test/cats/cat.12427.jpg,猫,狗,0.601151,0.398849,0.601151
/Users/shiquantao/Desktop/深度学习/猫狗分类器/数据/Preprocessed_Data/test/dogs/dog.10698.jpg,狗,猫,0.600620,0.600620,0.399380
/Users/shiquantao/Desktop/深度学习/猫狗分类器/数据/Preprocessed_Data/test/cats/cat.2915.jpg,猫,狗,0.599194,0.400806,0.599194
/Users/shiquantao/Desktop/深度学习/猫狗分类器/数据/Preprocessed_Data/test/dogs/dog.11959.jpg,狗,猫,0.598718,0.598718,0.401282
/Users/shiquantao/Desktop/深度学习/猫狗分类器/数据/Preprocessed_Data/test/dogs/dog.5216.jpg,狗,猫,0.596925,0.596925,0.403075
/Users/shiquantao/Desktop/深度学习/猫狗分类器/数据/Preprocessed_Data/test/dogs/dog.1340.jpg,狗,猫,0.596445,0.596445,0.403555
/Users/shiquantao/Desktop/深度学习/猫狗分类器/数据/Preprocessed_Data/test/dogs/dog.2960.jpg,狗,猫,0.596319,0.596319,0.403681
/Users/shiquantao/Desktop/深度学习/猫狗分类器/数据/Preprocessed_Data/test/cats/cat.258.jpg,猫,狗,0.596023,0.403977,0.596023
/Users/shiquantao/Desktop/深度学习/猫狗分类器/数据/Preprocessed_Data/test/dogs/dog.10835.jpg,狗,猫,0.595142,0.595142,0.404858
/Users/shiquantao/Desktop/深度学习/猫狗分类器/数据/Preprocessed_Data/test/dogs/dog.12382.jpg,狗,猫,0.595020,0.595020,0.404980
/Users/shiquantao/Desktop/深度学习/猫狗分类器/数据/Preprocessed_Data/test/dogs/dog.9294.jpg,狗,猫,0.594489,0.594489,0.405511
/Users/shiquantao/Desktop/深度学习/猫狗分类器/数据/Preprocessed_Data/test/cats/cat.798.jpg,猫,狗,0.593415,0.406585,0.593415
/Users/shiquantao/Desktop/深度学习/猫狗分类器/数据/Preprocessed_Data/test/cats/cat.5232.jpg,猫,狗,0.591995,0.408005,0.591995
/Users/shiquantao/Desktop/深度学习/猫狗分类器/数据/Preprocessed_Data/test/dogs/dog.10355.jpg,狗,猫,0.591404,0.591404,0.408596
/Users/shiquantao/Desktop/深度学习/猫狗分类器/数据/Preprocessed_Data/test/dogs/dog.5055.jpg,狗,猫,0.590934,0.590934,0.409066
/Users/shiquantao/Desktop/深度学习/猫狗分类器/数据/Preprocessed_Data/test/cats/cat.823.jpg,猫,狗,0.590506,0.409494,0.590506
/Users/shiquantao/Desktop/深度学习/猫狗分类器/数据/Preprocessed_Data/test/cats/cat.8055.jpg,猫,狗,0.590365,0.409635,0.590365
/Users/shiquantao/Desktop/深度学习/猫狗分类器/数据/Preprocessed_Data/test/cats/cat.3763.jpg,猫,狗,0.589929,0.410071,0.589929
/Users/shiquantao/Desktop/深度学习/猫狗分类器/数据/Preprocessed_Data/test/cats/cat.8497.jpg,猫,狗,0.589646,0.410354,0.589646
/Users/shiquantao/Desktop/深度学习/猫狗分类器/数据/Preprocessed_Data/test/cats/cat.344.jpg,猫,狗,0.589094,0.410906,0.589094
/Users/shiquantao/Desktop/深度学习/猫狗分类器/数据/Preprocessed_Data/test/dogs/dog.5295.jpg,狗,猫,0.588750,0.588750,0.411250
/Users/shiquantao/Desktop/深度学习/猫狗分类器/数据/Preprocessed_Data/test/dogs/dog.7963.jpg,狗,猫,0.588580,0.588580,0.411420
/Users/shiquantao/Desktop/深度学习/猫狗分类器/数据/Preprocessed_Data/test/cats/cat.11145.jpg,猫,狗,0.588318,0.411682,0.588318
/Users/shiquantao/Desktop/深度学习/猫狗分类器/数据/Preprocessed_Data/test/dogs/dog.3942.jpg,狗,猫,0.588064,0.588064,0.411936
/Users/shiquantao/Desktop/深度学习/猫狗分类器/数据/Preprocessed_Data/test/cats/cat.5164.jpg,猫,狗,0.587457,0.412543,0.587457
/Users/shiquantao/Desktop/深度学习/猫狗分类器/数据/Preprocessed_Data/test/dogs/dog.4811.jpg,狗,猫,0.587113,0.587113,0.412887
/Users/shiquantao/Desktop/深度学习/猫狗分类器/数据/Preprocessed_Data/test/cats/cat.5700.jpg,猫,狗,0.586182,0.413818,0.586182
/Users/shiquantao/Desktop/深度学习/猫狗分类器/数据/Preprocessed_Data/test/cats/cat.2666.jpg,猫,狗,0.585777,0.414223,0.585777
/Users/shiquantao/Desktop/深度学习/猫狗分类器/数据/Preprocessed_Data/test/cats/cat.7487.jpg,猫,狗,0.585567,0.414433,0.585567
/Users/shiquantao/Desktop/深度学习/猫狗分类器/数据/Preprocessed_Data/test/dogs/dog.5845.jpg,狗,猫,0.585195,0.585195,0.414805
/Users/shiquantao/Desktop/深度学习/猫狗分类器/数据/Preprocessed_Data/test/dogs/dog.4207.jpg,狗,猫,0.584772,0.584772,0.415228
/Users/shiquantao/Desktop/深度学习/猫狗分类器/数据/Preprocessed_Data/test/dogs/dog.199.jpg,狗,猫,0.583856,0.583856,0.416144
/Users/shiquantao/Desktop/深度学习/猫狗分类器/数据/Preprocessed_Data/test/cats/cat.2101.jpg,猫,狗,0.581997,0.418003,0.581997
/Users/shiquantao/Desktop/深度学习/猫狗分类器/数据/Preprocessed_Data/test/dogs/dog.1596.jpg,狗,猫,0.581913,0.581913,0.418087
/Users/shiquantao/Desktop/深度学习/猫狗分类器/数据/Preprocessed_Data/test/dogs/dog.11332.jpg,狗,猫,0.581610,0.581610,0.418390
/Users/shiquantao/Desktop/深度学习/猫狗分类器/数据/Preprocessed_Data/test/cats/cat.2837.jpg,猫,狗,0.581312,0.418688,0.581312
/Users/shiquantao/Desktop/深度学习/猫狗分类器/数据/Preprocessed_Data/test/dogs/dog.2977.jpg,狗,猫,0.581178,0.581178,0.418823
/Users/shiquantao/Desktop/深度学习/猫狗分类器/数据/Preprocessed_Data/test/cats/cat.2619.jpg,猫,狗,0.581095,0.418905,0.581095
/Users/shiquantao/Desktop/深度学习/猫狗分类器/数据/Preprocessed_Data/test/cats/cat.10299.jpg,猫,狗,0.580978,0.419022,0.580978
/Users/shiquantao/Desktop/深度学习/猫狗分类器/数据/Preprocessed_Data/test/dogs/dog.2583.jpg,狗,猫,0.580177,0.580177,0.419823
/Users/shiquantao/Desktop/深度学习/猫狗分类器/数据/Preprocessed_Data/test/dogs/dog.6785.jpg,狗,猫,0.579862,0.579862,0.420138
/Users/shiquantao/Desktop/深度学习/猫狗分类器/数据/Preprocessed_Data/test/dogs/dog.3712.jpg,狗,猫,0.579528,0.579528,0.420472
/Users/shiquantao/Desktop/深度学习/猫狗分类器/数据/Preprocessed_Data/test/cats/cat.3604.jpg,猫,狗,0.579446,0.420554,0.579446
/Users/shiquantao/Desktop/深度学习/猫狗分类器/数据/Preprocessed_Data/test/dogs/dog.801.jpg,狗,猫,0.578766,0.578766,0.421234
/Users/shiquantao/Desktop/深度学习/猫狗分类器/数据/Preprocessed_Data/test/cats/cat.886.jpg,猫,狗,0.578323,0.421677,0.578323
/Users/shiquantao/Desktop/深度学习/猫狗分类器/数据/Preprocessed_Data/test/dogs/dog.10271.jpg,狗,猫,0.578062,0.578062,0.421938
/Users/shiquantao/Desktop/深度学习/猫狗分类器/数据/Preprocessed_Data/test/dogs/dog.2567.jpg,狗,猫,0.577826,0.577826,0.422174
/Users/shiquantao/Desktop/深度学习/猫狗分类器/数据/Preprocessed_Data/test/dogs/dog.1163.jpg,狗,猫,0.577470,0.577470,0.422530
/Users/shiquantao/Desktop/深度学习/猫狗分类器/数据/Preprocessed_Data/test/cats/cat.901.jpg,猫,狗,0.575991,0.424009,0.575991
/Users/shiquantao/Desktop/深度学习/猫狗分类器/数据/Preprocessed_Data/test/dogs/dog.1924.jpg,狗,猫,0.575714,0.575714,0.424286
/Users/shiquantao/Desktop/深度学习/猫狗分类器/数据/Preprocessed_Data/test/dogs/dog.3499.jpg,狗,猫,0.575588,0.575588,0.424412
/Users/shiquantao/Desktop/深度学习/猫狗分类器/数据/Preprocessed_Data/test/dogs/dog.9523.jpg,狗,猫,0.575565,0.575565,0.424435
/Users/shiquantao/Desktop/深度学习/猫狗分类器/数据/Preprocessed_Data/test/dogs/dog.3025.jpg,狗,猫,0.575226,0.575226,0.424774
/Users/shiquantao/Desktop/深度学习/猫狗分类器/数据/Preprocessed_Data/test/dogs/dog.2917.jpg,狗,猫,0.574030,0.574030,0.425970
/Users/shiquantao/Desktop/深度学习/猫狗分类器/数据/Preprocessed_Data/test/dogs/dog.5760.jpg,狗,猫,0.572920,0.572920,0.427080
/Users/shiquantao/Desktop/深度学习/猫狗分类器/数据/Preprocessed_Data/test/dogs/dog.7729.jpg,狗,猫,0.571930,0.571930,0.428070
/Users/shiquantao/Desktop/深度学习/猫狗分类器/数据/Preprocessed_Data/test/cats/cat.8010.jpg,猫,狗,0.571251,0.428749,0.571251
/Users/shiquantao/Desktop/深度学习/猫狗分类器/数据/Preprocessed_Data/test/dogs/dog.7041.jpg,狗,猫,0.570737,0.570737,0.429263
/Users/shiquantao/Desktop/深度学习/猫狗分类器/数据/Preprocessed_Data/test/dogs/dog.5718.jpg,狗,猫,0.570510,0.570510,0.429490
/Users/shiquantao/Desktop/深度学习/猫狗分类器/数据/Preprocessed_Data/test/cats/cat.238.jpg,猫,狗,0.570107,0.429894,0.570107
/Users/shiquantao/Desktop/深度学习/猫狗分类器/数据/Preprocessed_Data/test/dogs/dog.9811.jpg,狗,猫,0.570020,0.570020,0.429980
/Users/shiquantao/Desktop/深度学习/猫狗分类器/数据/Preprocessed_Data/test/dogs/dog.9790.jpg,狗,猫,0.569765,0.569765,0.430235
/Users/shiquantao/Desktop/深度学习/猫狗分类器/数据/Preprocessed_Data/test/dogs/dog.11943.jpg,狗,猫,0.569633,0.569633,0.430367
/Users/shiquantao/Desktop/深度学习/猫狗分类器/数据/Preprocessed_Data/test/cats/cat.5214.jpg,猫,狗,0.569611,0.430389,0.569611
/Users/shiquantao/Desktop/深度学习/猫狗分类器/数据/Preprocessed_Data/test/dogs/dog.3434.jpg,狗,猫,0.569169,0.569169,0.430831
/Users/shiquantao/Desktop/深度学习/猫狗分类器/数据/Preprocessed_Data/test/cats/cat.11034.jpg,猫,狗,0.568340,0.431660,0.568340
/Users/shiquantao/Desktop/深度学习/猫狗分类器/数据/Preprocessed_Data/test/dogs/dog.10829.jpg,狗,猫,0.567975,0.567975,0.432025
/Users/shiquantao/Desktop/深度学习/猫狗分类器/数据/Preprocessed_Data/test/cats/cat.2916.jpg,猫,狗,0.567772,0.432228,0.567772
/Users/shiquantao/Desktop/深度学习/猫狗分类器/数据/Preprocessed_Data/test/cats/cat.7915.jpg,猫,狗,0.567544,0.432456,0.567544
/Users/shiquantao/Desktop/深度学习/猫狗分类器/数据/Preprocessed_Data/test/dogs/dog.9808.jpg,狗,猫,0.567388,0.567388,0.432612
/Users/shiquantao/Desktop/深度学习/猫狗分类器/数据/Preprocessed_Data/test/cats/cat.10035.jpg,猫,狗,0.566878,0.433122,0.566878
/Users/shiquantao/Desktop/深度学习/猫狗分类器/数据/Preprocessed_Data/test/dogs/dog.7302.jpg,狗,猫,0.566426,0.566426,0.433574
/Users/shiquantao/Desktop/深度学习/猫狗分类器/数据/Preprocessed_Data/test/cats/cat.242.jpg,猫,狗,0.566267,0.433733,0.566267
/Users/shiquantao/Desktop/深度学习/猫狗分类器/数据/Preprocessed_Data/test/dogs/dog.1362.jpg,狗,猫,0.566052,0.566052,0.433948
/Users/shiquantao/Desktop/深度学习/猫狗分类器/数据/Preprocessed_Data/test/cats/cat.8635.jpg,猫,狗,0.565362,0.434638,0.565362
/Users/shiquantao/Desktop/深度学习/猫狗分类器/数据/Preprocessed_Data/test/dogs/dog.8875.jpg,狗,猫,0.565303,0.565303,0.434697
/Users/shiquantao/Desktop/深度学习/猫狗分类器/数据/Preprocessed_Data/test/cats/cat.11691.jpg,猫,狗,0.565184,0.434816,0.565184
/Users/shiquantao/Desktop/深度学习/猫狗分类器/数据/Preprocessed_Data/test/cats/cat.8250.jpg,猫,狗,0.565092,0.434908,0.565092
/Users/shiquantao/Desktop/深度学习/猫狗分类器/数据/Preprocessed_Data/test/dogs/dog.5949.jpg,狗,猫,0.564824,0.564824,0.435176
/Users/shiquantao/Desktop/深度学习/猫狗分类器/数据/Preprocessed_Data/test/cats/cat.1998.jpg,猫,狗,0.564337,0.435663,0.564337
/Users/shiquantao/Desktop/深度学习/猫狗分类器/数据/Preprocessed_Data/test/dogs/dog.4988.jpg,狗,猫,0.564081,0.564081,0.435919
/Users/shiquantao/Desktop/深度学习/猫狗分类器/数据/Preprocessed_Data/test/cats/cat.12094.jpg,猫,狗,0.563292,0.436708,0.563292
/Users/shiquantao/Desktop/深度学习/猫狗分类器/数据/Preprocessed_Data/test/dogs/dog.9330.jpg,狗,猫,0.562224,0.562224,0.437776
/Users/shiquantao/Desktop/深度学习/猫狗分类器/数据/Preprocessed_Data/test/cats/cat.904.jpg,猫,狗,0.561601,0.438399,0.561601
/Users/shiquantao/Desktop/深度学习/猫狗分类器/数据/Preprocessed_Data/test/dogs/dog.10628.jpg,狗,猫,0.561285,0.561285,0.438715
/Users/shiquantao/Desktop/深度学习/猫狗分类器/数据/Preprocessed_Data/test/cats/cat.2065.jpg,猫,狗,0.561237,0.438763,0.561237
/Users/shiquantao/Desktop/深度学习/猫狗分类器/数据/Preprocessed_Data/test/dogs/dog.5634.jpg,狗,猫,0.561189,0.561189,0.438811
/Users/shiquantao/Desktop/深度学习/猫狗分类器/数据/Preprocessed_Data/test/dogs/dog.3643.jpg,狗,猫,0.560678,0.560678,0.439322
/Users/shiquantao/Desktop/深度学习/猫狗分类器/数据/Preprocessed_Data/test/dogs/dog.7444.jpg,狗,猫,0.559833,0.559833,0.440167
/Users/shiquantao/Desktop/深度学习/猫狗分类器/数据/Preprocessed_Data/test/dogs/dog.1393.jpg,狗,猫,0.559483,0.559483,0.440517
/Users/shiquantao/Desktop/深度学习/猫狗分类器/数据/Preprocessed_Data/test/cats/cat.2237.jpg,猫,狗,0.558956,0.441044,0.558956
/Users/shiquantao/Desktop/深度学习/猫狗分类器/数据/Preprocessed_Data/test/cats/cat.776.jpg,猫,狗,0.558669,0.441331,0.558669
/Users/shiquantao/Desktop/深度学习/猫狗分类器/数据/Preprocessed_Data/test/cats/cat.3545.jpg,猫,狗,0.558597,0.441403,0.558597
/Users/shiquantao/Desktop/深度学习/猫狗分类器/数据/Preprocessed_Data/test/dogs/dog.11153.jpg,狗,猫,0.558256,0.558256,0.441744
/Users/shiquantao/Desktop/深度学习/猫狗分类器/数据/Preprocessed_Data/test/dogs/dog.431.jpg,狗,猫,0.558250,0.558250,0.441750
/Users/shiquantao/Desktop/深度学习/猫狗分类器/数据/Preprocessed_Data/test/dogs/dog.5237.jpg,狗,猫,0.558202,0.558202,0.441799
/Users/shiquantao/Desktop/深度学习/猫狗分类器/数据/Preprocessed_Data/test/cats/cat.603.jpg,猫,狗,0.557095,0.442905,0.557095
/Users/shiquantao/Desktop/深度学习/猫狗分类器/数据/Preprocessed_Data/test/dogs/dog.4558.jpg,狗,猫,0.556463,0.556463,0.443537
/Users/shiquantao/Desktop/深度学习/猫狗分类器/数据/Preprocessed_Data/test/cats/cat.9412.jpg,猫,狗,0.556217,0.443783,0.556217
/Users/shiquantao/Desktop/深度学习/猫狗分类器/数据/Preprocessed_Data/test/cats/cat.2872.jpg,猫,狗,0.556174,0.443826,0.556174
/Users/shiquantao/Desktop/深度学习/猫狗分类器/数据/Preprocessed_Data/test/cats/cat.7563.jpg,猫,狗,0.555835,0.444165,0.555835
/Users/shiquantao/Desktop/深度学习/猫狗分类器/数据/Preprocessed_Data/test/cats/cat.9797.jpg,猫,狗,0.554601,0.445399,0.554601
/Users/shiquantao/Desktop/深度学习/猫狗分类器/数据/Preprocessed_Data/test/cats/cat.9163.jpg,猫,狗,0.554361,0.445639,0.554361
/Users/shiquantao/Desktop/深度学习/猫狗分类器/数据/Preprocessed_Data/test/dogs/dog.10853.jpg,狗,猫,0.554328,0.554328,0.445672
/Users/shiquantao/Desktop/深度学习/猫狗分类器/数据/Preprocessed_Data/test/cats/cat.10289.jpg,猫,狗,0.554314,0.445686,0.554314
/Users/shiquantao/Desktop/深度学习/猫狗分类器/数据/Preprocessed_Data/test/cats/cat.3361.jpg,猫,狗,0.553532,0.446468,0.553532
/Users/shiquantao/Desktop/深度学习/猫狗分类器/数据/Preprocessed_Data/test/cats/cat.1968.jpg,猫,狗,0.553324,0.446676,0.553324
/Users/shiquantao/Desktop/深度学习/猫狗分类器/数据/Preprocessed_Data/test/dogs/dog.5341.jpg,狗,猫,0.552825,0.552825,0.447175
/Users/shiquantao/Desktop/深度学习/猫狗分类器/数据/Preprocessed_Data/test/cats/cat.26.jpg,猫,狗,0.552737,0.447263,0.552737
/Users/shiquantao/Desktop/深度学习/猫狗分类器/数据/Preprocessed_Data/test/cats/cat.10110.jpg,猫,狗,0.552188,0.447812,0.552188
/Users/shiquantao/Desktop/深度学习/猫狗分类器/数据/Preprocessed_Data/test/cats/cat.5499.jpg,猫,狗,0.551628,0.448372,0.551628
/Users/shiquantao/Desktop/深度学习/猫狗分类器/数据/Preprocessed_Data/test/dogs/dog.7497.jpg,狗,猫,0.550985,0.550985,0.449015
/Users/shiquantao/Desktop/深度学习/猫狗分类器/数据/Preprocessed_Data/test/dogs/dog.10027.jpg,狗,猫,0.550700,0.550700,0.449300
/Users/shiquantao/Desktop/深度学习/猫狗分类器/数据/Preprocessed_Data/test/dogs/dog.5747.jpg,狗,猫,0.550695,0.550695,0.449305
/Users/shiquantao/Desktop/深度学习/猫狗分类器/数据/Preprocessed_Data/test/cats/cat.8667.jpg,猫,狗,0.549481,0.450519,0.549481
/Users/shiquantao/Desktop/深度学习/猫狗分类器/数据/Preprocessed_Data/test/dogs/dog.4461.jpg,狗,猫,0.549104,0.549104,0.450896
/Users/shiquantao/Desktop/深度学习/猫狗分类器/数据/Preprocessed_Data/test/dogs/dog.8497.jpg,狗,猫,0.548832,0.548832,0.451168
/Users/shiquantao/Desktop/深度学习/猫狗分类器/数据/Preprocessed_Data/test/cats/cat.10943.jpg,猫,狗,0.546999,0.453001,0.546999
/Users/shiquantao/Desktop/深度学习/猫狗分类器/数据/Preprocessed_Data/test/cats/cat.288.jpg,猫,狗,0.546616,0.453384,0.546616
/Users/shiquantao/Desktop/深度学习/猫狗分类器/数据/Preprocessed_Data/test/dogs/dog.10766.jpg,狗,猫,0.546051,0.546051,0.453949
/Users/shiquantao/Desktop/深度学习/猫狗分类器/数据/Preprocessed_Data/test/cats/cat.6276.jpg,猫,狗,0.545734,0.454266,0.545734
/Users/shiquantao/Desktop/深度学习/猫狗分类器/数据/Preprocessed_Data/test/cats/cat.7355.jpg,猫,狗,0.545611,0.454389,0.545611
/Users/shiquantao/Desktop/深度学习/猫狗分类器/数据/Preprocessed_Data/test/dogs/dog.11621.jpg,狗,猫,0.545154,0.545154,0.454846
/Users/shiquantao/Desktop/深度学习/猫狗分类器/数据/Preprocessed_Data/test/dogs/dog.1441.jpg,狗,猫,0.544646,0.544646,0.455354
/Users/shiquantao/Desktop/深度学习/猫狗分类器/数据/Preprocessed_Data/test/dogs/dog.141.jpg,狗,猫,0.543762,0.543762,0.456238
/Users/shiquantao/Desktop/深度学习/猫狗分类器/数据/Preprocessed_Data/test/dogs/dog.7106.jpg,狗,猫,0.542703,0.542703,0.457297
/Users/shiquantao/Desktop/深度学习/猫狗分类器/数据/Preprocessed_Data/test/dogs/dog.3764.jpg,狗,猫,0.542646,0.542646,0.457354
/Users/shiquantao/Desktop/深度学习/猫狗分类器/数据/Preprocessed_Data/test/dogs/dog.4083.jpg,狗,猫,0.542166,0.542166,0.457834
/Users/shiquantao/Desktop/深度学习/猫狗分类器/数据/Preprocessed_Data/test/dogs/dog.11418.jpg,狗,猫,0.541975,0.541975,0.458025
/Users/shiquantao/Desktop/深度学习/猫狗分类器/数据/Preprocessed_Data/test/dogs/dog.3416.jpg,狗,猫,0.541780,0.541780,0.458220
/Users/shiquantao/Desktop/深度学习/猫狗分类器/数据/Preprocessed_Data/test/cats/cat.4950.jpg,猫,狗,0.541232,0.458768,0.541232
/Users/shiquantao/Desktop/深度学习/猫狗分类器/数据/Preprocessed_Data/test/cats/cat.7664.jpg,猫,狗,0.541165,0.458835,0.541165
/Users/shiquantao/Desktop/深度学习/猫狗分类器/数据/Preprocessed_Data/test/dogs/dog.3714.jpg,狗,猫,0.540959,0.540959,0.459040
/Users/shiquantao/Desktop/深度学习/猫狗分类器/数据/Preprocessed_Data/test/cats/cat.7246.jpg,猫,狗,0.540868,0.459133,0.540868
/Users/shiquantao/Desktop/深度学习/猫狗分类器/数据/Preprocessed_Data/test/cats/cat.1459.jpg,猫,狗,0.540161,0.459839,0.540161
/Users/shiquantao/Desktop/深度学习/猫狗分类器/数据/Preprocessed_Data/test/cats/cat.4763.jpg,猫,狗,0.539677,0.460323,0.539677
/Users/shiquantao/Desktop/深度学习/猫狗分类器/数据/Preprocessed_Data/test/dogs/dog.5069.jpg,狗,猫,0.538747,0.538747,0.461253
/Users/shiquantao/Desktop/深度学习/猫狗分类器/数据/Preprocessed_Data/test/dogs/dog.3316.jpg,狗,猫,0.538131,0.538131,0.461869
/Users/shiquantao/Desktop/深度学习/猫狗分类器/数据/Preprocessed_Data/test/cats/cat.247.jpg,猫,狗,0.537998,0.462002,0.537998
/Users/shiquantao/Desktop/深度学习/猫狗分类器/数据/Preprocessed_Data/test/dogs/dog.2499.jpg,狗,猫,0.537840,0.537840,0.462160
/Users/shiquantao/Desktop/深度学习/猫狗分类器/数据/Preprocessed_Data/test/dogs/dog.6543.jpg,狗,猫,0.537766,0.537766,0.462234
/Users/shiquantao/Desktop/深度学习/猫狗分类器/数据/Preprocessed_Data/test/dogs/dog.9651.jpg,狗,猫,0.537552,0.537552,0.462448
/Users/shiquantao/Desktop/深度学习/猫狗分类器/数据/Preprocessed_Data/test/cats/cat.8118.jpg,猫,狗,0.537165,0.462835,0.537165
/Users/shiquantao/Desktop/深度学习/猫狗分类器/数据/Preprocessed_Data/test/dogs/dog.1020.jpg,狗,猫,0.537102,0.537102,0.462898
/Users/shiquantao/Desktop/深度学习/猫狗分类器/数据/Preprocessed_Data/test/cats/cat.6464.jpg,猫,狗,0.537027,0.462973,0.537027
/Users/shiquantao/Desktop/深度学习/猫狗分类器/数据/Preprocessed_Data/test/cats/cat.8131.jpg,猫,狗,0.536789,0.463211,0.536789
/Users/shiquantao/Desktop/深度学习/猫狗分类器/数据/Preprocessed_Data/test/dogs/dog.6881.jpg,狗,猫,0.536725,0.536725,0.463275
/Users/shiquantao/Desktop/深度学习/猫狗分类器/数据/Preprocessed_Data/test/cats/cat.5987.jpg,猫,狗,0.536642,0.463358,0.536642
/Users/shiquantao/Desktop/深度学习/猫狗分类器/数据/Preprocessed_Data/test/dogs/dog.3728.jpg,狗,猫,0.536560,0.536560,0.463440
/Users/shiquantao/Desktop/深度学习/猫狗分类器/数据/Preprocessed_Data/test/dogs/dog.6143.jpg,狗,猫,0.536420,0.536420,0.463580
/Users/shiquantao/Desktop/深度学习/猫狗分类器/数据/Preprocessed_Data/test/cats/cat.1151.jpg,猫,狗,0.536345,0.463655,0.536345
/Users/shiquantao/Desktop/深度学习/猫狗分类器/数据/Preprocessed_Data/test/dogs/dog.6145.jpg,狗,猫,0.535916,0.535916,0.464084
/Users/shiquantao/Desktop/深度学习/猫狗分类器/数据/Preprocessed_Data/test/dogs/dog.781.jpg,狗,猫,0.535810,0.535810,0.464190
/Users/shiquantao/Desktop/深度学习/猫狗分类器/数据/Preprocessed_Data/test/dogs/dog.3293.jpg,狗,猫,0.535518,0.535518,0.464482
/Users/shiquantao/Desktop/深度学习/猫狗分类器/数据/Preprocessed_Data/test/dogs/dog.6468.jpg,狗,猫,0.535229,0.535229,0.464771
/Users/shiquantao/Desktop/深度学习/猫狗分类器/数据/Preprocessed_Data/test/cats/cat.12476.jpg,猫,狗,0.535166,0.464834,0.535166
/Users/shiquantao/Desktop/深度学习/猫狗分类器/数据/Preprocessed_Data/test/cats/cat.3973.jpg,猫,狗,0.534951,0.465049,0.534951
/Users/shiquantao/Desktop/深度学习/猫狗分类器/数据/Preprocessed_Data/test/cats/cat.9351.jpg,猫,狗,0.534855,0.465145,0.534855
/Users/shiquantao/Desktop/深度学习/猫狗分类器/数据/Preprocessed_Data/test/cats/cat.8861.jpg,猫,狗,0.534756,0.465244,0.534756
/Users/shiquantao/Desktop/深度学习/猫狗分类器/数据/Preprocessed_Data/test/dogs/dog.12027.jpg,狗,猫,0.534720,0.534720,0.465280
/Users/shiquantao/Desktop/深度学习/猫狗分类器/数据/Preprocessed_Data/test/cats/cat.6735.jpg,猫,狗,0.534676,0.465324,0.534676
/Users/shiquantao/Desktop/深度学习/猫狗分类器/数据/Preprocessed_Data/test/cats/cat.10689.jpg,猫,狗,0.534224,0.465776,0.534224
/Users/shiquantao/Desktop/深度学习/猫狗分类器/数据/Preprocessed_Data/test/cats/cat.3631.jpg,猫,狗,0.534217,0.465783,0.534217
/Users/shiquantao/Desktop/深度学习/猫狗分类器/数据/Preprocessed_Data/test/dogs/dog.9609.jpg,狗,猫,0.534206,0.534206,0.465794
/Users/shiquantao/Desktop/深度学习/猫狗分类器/数据/Preprocessed_Data/test/dogs/dog.5370.jpg,狗,猫,0.532469,0.532469,0.467530
/Users/shiquantao/Desktop/深度学习/猫狗分类器/数据/Preprocessed_Data/test/dogs/dog.8980.jpg,狗,猫,0.532203,0.532203,0.467797
/Users/shiquantao/Desktop/深度学习/猫狗分类器/数据/Preprocessed_Data/test/dogs/dog.6175.jpg,狗,猫,0.531991,0.531991,0.468009
/Users/shiquantao/Desktop/深度学习/猫狗分类器/数据/Preprocessed_Data/test/cats/cat.11373.jpg,猫,狗,0.531720,0.468280,0.531720
/Users/shiquantao/Desktop/深度学习/猫狗分类器/数据/Preprocessed_Data/test/cats/cat.4474.jpg,猫,狗,0.530732,0.469268,0.530732
/Users/shiquantao/Desktop/深度学习/猫狗分类器/数据/Preprocessed_Data/test/cats/cat.9671.jpg,猫,狗,0.530567,0.469433,0.530567
/Users/shiquantao/Desktop/深度学习/猫狗分类器/数据/Preprocessed_Data/test/cats/cat.1524.jpg,猫,狗,0.530475,0.469525,0.530475
/Users/shiquantao/Desktop/深度学习/猫狗分类器/数据/Preprocessed_Data/test/cats/cat.12328.jpg,猫,狗,0.529566,0.470434,0.529566
/Users/shiquantao/Desktop/深度学习/猫狗分类器/数据/Preprocessed_Data/test/cats/cat.11632.jpg,猫,狗,0.529220,0.470780,0.529220
/Users/shiquantao/Desktop/深度学习/猫狗分类器/数据/Preprocessed_Data/test/cats/cat.4060.jpg,猫,狗,0.528697,0.471303,0.528697
/Users/shiquantao/Desktop/深度学习/猫狗分类器/数据/Preprocessed_Data/test/cats/cat.452.jpg,猫,狗,0.528562,0.471438,0.528562
/Users/shiquantao/Desktop/深度学习/猫狗分类器/数据/Preprocessed_Data/test/dogs/dog.5996.jpg,狗,猫,0.528533,0.528533,0.471467
/Users/shiquantao/Desktop/深度学习/猫狗分类器/数据/Preprocessed_Data/test/cats/cat.4595.jpg,猫,狗,0.528256,0.471744,0.528256
/Users/shiquantao/Desktop/深度学习/猫狗分类器/数据/Preprocessed_Data/test/dogs/dog.4980.jpg,狗,猫,0.527902,0.527902,0.472098
/Users/shiquantao/Desktop/深度学习/猫狗分类器/数据/Preprocessed_Data/test/cats/cat.9349.jpg,猫,狗,0.527366,0.472634,0.527366
/Users/shiquantao/Desktop/深度学习/猫狗分类器/数据/Preprocessed_Data/test/dogs/dog.6606.jpg,狗,猫,0.526785,0.526785,0.473215
/Users/shiquantao/Desktop/深度学习/猫狗分类器/数据/Preprocessed_Data/test/cats/cat.7492.jpg,猫,狗,0.526618,0.473382,0.526618
/Users/shiquantao/Desktop/深度学习/猫狗分类器/数据/Preprocessed_Data/test/dogs/dog.11849.jpg,狗,猫,0.526382,0.526382,0.473618
/Users/shiquantao/Desktop/深度学习/猫狗分类器/数据/Preprocessed_Data/test/dogs/dog.6986.jpg,狗,猫,0.526367,0.526367,0.473633
/Users/shiquantao/Desktop/深度学习/猫狗分类器/数据/Preprocessed_Data/test/dogs/dog.6001.jpg,狗,猫,0.525435,0.525435,0.474565
/Users/shiquantao/Desktop/深度学习/猫狗分类器/数据/Preprocessed_Data/test/dogs/dog.9955.jpg,狗,猫,0.524742,0.524742,0.475258
/Users/shiquantao/Desktop/深度学习/猫狗分类器/数据/Preprocessed_Data/test/cats/cat.11254.jpg,猫,狗,0.524057,0.475943,0.524057
/Users/shiquantao/Desktop/深度学习/猫狗分类器/数据/Preprocessed_Data/test/cats/cat.5445.jpg,猫,狗,0.523793,0.476207,0.523793
/Users/shiquantao/Desktop/深度学习/猫狗分类器/数据/Preprocessed_Data/test/cats/cat.3810.jpg,猫,狗,0.523679,0.476321,0.523679
/Users/shiquantao/Desktop/深度学习/猫狗分类器/数据/Preprocessed_Data/test/cats/cat.5626.jpg,猫,狗,0.522513,0.477487,0.522513
/Users/shiquantao/Desktop/深度学习/猫狗分类器/数据/Preprocessed_Data/test/cats/cat.1698.jpg,猫,狗,0.522474,0.477526,0.522474
/Users/shiquantao/Desktop/深度学习/猫狗分类器/数据/Preprocessed_Data/test/cats/cat.955.jpg,猫,狗,0.520579,0.479421,0.520579
/Users/shiquantao/Desktop/深度学习/猫狗分类器/数据/Preprocessed_Data/test/cats/cat.11338.jpg,猫,狗,0.520157,0.479843,0.520157
/Users/shiquantao/Desktop/深度学习/猫狗分类器/数据/Preprocessed_Data/test/dogs/dog.792.jpg,狗,猫,0.519716,0.519716,0.480284
/Users/shiquantao/Desktop/深度学习/猫狗分类器/数据/Preprocessed_Data/test/cats/cat.8259.jpg,猫,狗,0.519315,0.480685,0.519315
/Users/shiquantao/Desktop/深度学习/猫狗分类器/数据/Preprocessed_Data/test/dogs/dog.3746.jpg,狗,猫,0.519054,0.519054,0.480946
/Users/shiquantao/Desktop/深度学习/猫狗分类器/数据/Preprocessed_Data/test/dogs/dog.11507.jpg,狗,猫,0.518617,0.518617,0.481383
/Users/shiquantao/Desktop/深度学习/猫狗分类器/数据/Preprocessed_Data/test/cats/cat.811.jpg,猫,狗,0.518493,0.481507,0.518493
/Users/shiquantao/Desktop/深度学习/猫狗分类器/数据/Preprocessed_Data/test/cats/cat.1373.jpg,猫,狗,0.517976,0.482024,0.517976
/Users/shiquantao/Desktop/深度学习/猫狗分类器/数据/Preprocessed_Data/test/dogs/dog.207.jpg,狗,猫,0.517619,0.517619,0.482381
/Users/shiquantao/Desktop/深度学习/猫狗分类器/数据/Preprocessed_Data/test/dogs/dog.1521.jpg,狗,猫,0.517503,0.517503,0.482497
/Users/shiquantao/Desktop/深度学习/猫狗分类器/数据/Preprocessed_Data/test/cats/cat.3815.jpg,猫,狗,0.516655,0.483345,0.516655
/Users/shiquantao/Desktop/深度学习/猫狗分类器/数据/Preprocessed_Data/test/cats/cat.6507.jpg,猫,狗,0.516461,0.483539,0.516461
/Users/shiquantao/Desktop/深度学习/猫狗分类器/数据/Preprocessed_Data/test/dogs/dog.2621.jpg,狗,猫,0.516159,0.516159,0.483841
/Users/shiquantao/Desktop/深度学习/猫狗分类器/数据/Preprocessed_Data/test/dogs/dog.1529.jpg,狗,猫,0.516061,0.516061,0.483939
/Users/shiquantao/Desktop/深度学习/猫狗分类器/数据/Preprocessed_Data/test/cats/cat.4838.jpg,猫,狗,0.515996,0.484004,0.515996
/Users/shiquantao/Desktop/深度学习/猫狗分类器/数据/Preprocessed_Data/test/dogs/dog.2116.jpg,狗,猫,0.515004,0.515004,0.484996
/Users/shiquantao/Desktop/深度学习/猫狗分类器/数据/Preprocessed_Data/test/cats/cat.4021.jpg,猫,狗,0.514611,0.485389,0.514611
/Users/shiquantao/Desktop/深度学习/猫狗分类器/数据/Preprocessed_Data/test/cats/cat.7759.jpg,猫,狗,0.514521,0.485479,0.514521
/Users/shiquantao/Desktop/深度学习/猫狗分类器/数据/Preprocessed_Data/test/cats/cat.12007.jpg,猫,狗,0.514410,0.485590,0.514410
/Users/shiquantao/Desktop/深度学习/猫狗分类器/数据/Preprocessed_Data/test/cats/cat.8521.jpg,猫,狗,0.514316,0.485684,0.514316
/Users/shiquantao/Desktop/深度学习/猫狗分类器/数据/Preprocessed_Data/test/dogs/dog.5830.jpg,狗,猫,0.512498,0.512498,0.487502
/Users/shiquantao/Desktop/深度学习/猫狗分类器/数据/Preprocessed_Data/test/dogs/dog.4218.jpg,狗,猫,0.512143,0.512143,0.487857
/Users/shiquantao/Desktop/深度学习/猫狗分类器/数据/Preprocessed_Data/test/dogs/dog.12409.jpg,狗,猫,0.512080,0.512080,0.487921
/Users/shiquantao/Desktop/深度学习/猫狗分类器/数据/Preprocessed_Data/test/cats/cat.703.jpg,猫,狗,0.512011,0.487989,0.512011
/Users/shiquantao/Desktop/深度学习/猫狗分类器/数据/Preprocessed_Data/test/cats/cat.5808.jpg,猫,狗,0.511807,0.488193,0.511807
/Users/shiquantao/Desktop/深度学习/猫狗分类器/数据/Preprocessed_Data/test/dogs/dog.1381.jpg,狗,猫,0.511789,0.511789,0.488211
/Users/shiquantao/Desktop/深度学习/猫狗分类器/数据/Preprocessed_Data/test/dogs/dog.2265.jpg,狗,猫,0.511717,0.511717,0.488283
/Users/shiquantao/Desktop/深度学习/猫狗分类器/数据/Preprocessed_Data/test/cats/cat.6058.jpg,猫,狗,0.510949,0.489051,0.510949
/Users/shiquantao/Desktop/深度学习/猫狗分类器/数据/Preprocessed_Data/test/cats/cat.1088.jpg,猫,狗,0.510656,0.489344,0.510656
/Users/shiquantao/Desktop/深度学习/猫狗分类器/数据/Preprocessed_Data/test/dogs/dog.439.jpg,狗,猫,0.510108,0.510108,0.489892
/Users/shiquantao/Desktop/深度学习/猫狗分类器/数据/Preprocessed_Data/test/dogs/dog.10310.jpg,狗,猫,0.509554,0.509554,0.490446
/Users/shiquantao/Desktop/深度学习/猫狗分类器/数据/Preprocessed_Data/test/dogs/dog.12333.jpg,狗,猫,0.509527,0.509527,0.490473
/Users/shiquantao/Desktop/深度学习/猫狗分类器/数据/Preprocessed_Data/test/dogs/dog.4428.jpg,狗,猫,0.509494,0.509494,0.490506
/Users/shiquantao/Desktop/深度学习/猫狗分类器/数据/Preprocessed_Data/test/cats/cat.8494.jpg,猫,狗,0.509457,0.490543,0.509457
/Users/shiquantao/Desktop/深度学习/猫狗分类器/数据/Preprocessed_Data/test/cats/cat.313.jpg,猫,狗,0.509243,0.490757,0.509243
/Users/shiquantao/Desktop/深度学习/猫狗分类器/数据/Preprocessed_Data/test/dogs/dog.3289.jpg,狗,猫,0.509093,0.509093,0.490907
/Users/shiquantao/Desktop/深度学习/猫狗分类器/数据/Preprocessed_Data/test/dogs/dog.1613.jpg,狗,猫,0.508921,0.508921,0.491079
/Users/shiquantao/Desktop/深度学习/猫狗分类器/数据/Preprocessed_Data/test/dogs/dog.12391.jpg,狗,猫,0.508590,0.508590,0.491410
/Users/shiquantao/Desktop/深度学习/猫狗分类器/数据/Preprocessed_Data/test/cats/cat.1057.jpg,猫,狗,0.508569,0.491431,0.508569
/Users/shiquantao/Desktop/深度学习/猫狗分类器/数据/Preprocessed_Data/test/cats/cat.11445.jpg,猫,狗,0.508242,0.491758,0.508242
/Users/shiquantao/Desktop/深度学习/猫狗分类器/数据/Preprocessed_Data/test/dogs/dog.464.jpg,狗,猫,0.507827,0.507827,0.492173
/Users/shiquantao/Desktop/深度学习/猫狗分类器/数据/Preprocessed_Data/test/dogs/dog.2364.jpg,狗,猫,0.507193,0.507193,0.492807
/Users/shiquantao/Desktop/深度学习/猫狗分类器/数据/Preprocessed_Data/test/dogs/dog.5348.jpg,狗,猫,0.507140,0.507140,0.492860
/Users/shiquantao/Desktop/深度学习/猫狗分类器/数据/Preprocessed_Data/test/dogs/dog.4489.jpg,狗,猫,0.506499,0.506499,0.493501
/Users/shiquantao/Desktop/深度学习/猫狗分类器/数据/Preprocessed_Data/test/dogs/dog.11195.jpg,狗,猫,0.505875,0.505875,0.494125
/Users/shiquantao/Desktop/深度学习/猫狗分类器/数据/Preprocessed_Data/test/cats/cat.1985.jpg,猫,狗,0.504746,0.495254,0.504746
/Users/shiquantao/Desktop/深度学习/猫狗分类器/数据/Preprocessed_Data/test/dogs/dog.5938.jpg,狗,猫,0.504691,0.504691,0.495309
/Users/shiquantao/Desktop/深度学习/猫狗分类器/数据/Preprocessed_Data/test/cats/cat.4584.jpg,猫,狗,0.504531,0.495469,0.504531
/Users/shiquantao/Desktop/深度学习/猫狗分类器/数据/Preprocessed_Data/test/cats/cat.8350.jpg,猫,狗,0.504502,0.495498,0.504502
/Users/shiquantao/Desktop/深度学习/猫狗分类器/数据/Preprocessed_Data/test/dogs/dog.7386.jpg,狗,猫,0.504460,0.504460,0.495540
/Users/shiquantao/Desktop/深度学习/猫狗分类器/数据/Preprocessed_Data/test/cats/cat.9799.jpg,猫,狗,0.504098,0.495902,0.504098
/Users/shiquantao/Desktop/深度学习/猫狗分类器/数据/Preprocessed_Data/test/dogs/dog.4031.jpg,狗,猫,0.503578,0.503578,0.496422
/Users/shiquantao/Desktop/深度学习/猫狗分类器/数据/Preprocessed_Data/test/cats/cat.1259.jpg,猫,狗,0.503398,0.496602,0.503398
/Users/shiquantao/Desktop/深度学习/猫狗分类器/数据/Preprocessed_Data/test/cats/cat.12452.jpg,猫,狗,0.503186,0.496814,0.503186
/Users/shiquantao/Desktop/深度学习/猫狗分类器/数据/Preprocessed_Data/test/cats/cat.2978.jpg,猫,狗,0.502689,0.497311,0.502689
/Users/shiquantao/Desktop/深度学习/猫狗分类器/数据/Preprocessed_Data/test/cats/cat.6346.jpg,猫,狗,0.502670,0.497330,0.502670
/Users/shiquantao/Desktop/深度学习/猫狗分类器/数据/Preprocessed_Data/test/dogs/dog.5323.jpg,狗,猫,0.502566,0.502566,0.497434
/Users/shiquantao/Desktop/深度学习/猫狗分类器/数据/Preprocessed_Data/test/dogs/dog.11415.jpg,狗,猫,0.501541,0.501541,0.498459
/Users/shiquantao/Desktop/深度学习/猫狗分类器/数据/Preprocessed_Data/test/cats/cat.11839.jpg,猫,狗,0.500612,0.499388,0.500612
/Users/shiquantao/Desktop/深度学习/猫狗分类器/数据/Preprocessed_Data/test/cats/cat.2758.jpg,猫,狗,0.500372,0.499628,0.500372
